Scenario_ID,Scenario_Type,Date,Event_date,Date_type,Event_Type,Process_Area,Loss_Amount_(kUSD),Frequency_(Nk),Severity_(Xi),OpVar_(%),ML,GDP_(%),VIX,Target,Loss_Outlier_Flag,Data_Quality_Flag
ALE-0302,ALE,Synth-2022,Null,Synthetic,Cyber-Fraud,ATM Network,169.84,4,1.15,1.49,1.6,3,22,0,Normal,Good
ALE-1159,ALE,Synth-2022,Null,Synthetic,Phishing,E-Banking,86.18,3,1.41,1.86,1.41,2.5,28,2,Normal,Good
ALE-0121,ALE,Synth-2022,Null,Synthetic,Cyber-Fraud,Online Services,46.53,3,2.68,2.35,1.84,3.1,27,0,Normal,Good
OLE-0760,OLE,18-11-2023,18-11-2023,Actual,Cyber-Fraud,Retail Banking,85.32,5,0.42,1.04,1,2.6,22,2,Normal,Good
ALE-0017,ALE,Synth-2022,Null,Synthetic,Data Breach,E-Banking,111.74,4,1.14,3.18,3.22,3.4,25,0,Normal,Good
OLE-0110,OLE,14-12-2022,14-12-2022,Actual,Tech Failure,Payments,77.12,4,0.73,1.48,1,3.7,14,2,Normal,Good
ALE-0320,ALE,Synth-2022,Null,Synthetic,Phishing,ATM Network,144.96,4,1.08,2.15,2.65,3.8,29,1,Normal,Good
OLE-0260,OLE,25-05-2023,25-05-2023,Actual,Cyber-Fraud,ATM Network,41.98,2,1.15,0.92,1,3,20,2,Normal,Good
ALE-0840,ALE,Synth-2022,Null,Synthetic,System Failure,Retail Banking,171.13,2,2.73,3.08,2.5,4,23,2,Normal,Good
OLE-0480,OLE,23-08-2022,23-08-2022,Actual,Tech Failure,E-Banking,23.7,1,1.45,1.39,1,3.5,21,1,Normal,Good
ALE-0250,ALE,Synth-2022,Null,Synthetic,Tech Failure,Payments,199.57,1,0.87,1.79,1.25,3.7,22,0,Normal,Good
OLE-0837,OLE,08-07-2022,08-07-2022,Actual,Cyber-Fraud,Payments,95.33,4,0.63,0.9,1,3.7,15,1,Normal,Good
ALE-1149,ALE,Synth-2022,Null,Synthetic,System Failure,Online Services,104.39,5,2.58,1.8,1.32,2.9,17,1,Normal,Good
OLE-0071,OLE,29-04-2022,29-04-2022,Actual,Tech Failure,ATM Network,50.89,1,0.65,1.27,1,3.4,15,2,Normal,Good
OLE-0232,OLE,30-11-2023,30-11-2023,Actual,Tech Failure,E-Banking,32.07,5,0.34,0.68,1,3.8,22,0,Normal,Good
OLE-0291,OLE,12-11-2023,12-11-2023,Actual,Cyber-Fraud,Payments,34.75,3,0.7,1.25,1,3.4,24,0,Normal,Good
ALE-0335,ALE,Synth-2022,Null,Synthetic,Phishing,Online Services,192.93,5,1.67,2.14,1.79,2.8,21,0,Normal,Good
OLE-0619,OLE,16-09-2023,16-09-2023,Actual,Cyber-Fraud,Retail Banking,57.33,5,0.92,1.49,1,3.4,14,1,Normal,Good
OLE-0298,OLE,12-03-2022,12-03-2022,Actual,Tech Failure,Retail Banking,102.76,1,0.94,1.01,1,3.7,22,0,Normal,Good
ALE-0880,ALE,Synth-2022,Null,Synthetic,System Failure,Online Services,104.03,1,1.32,2.42,2.75,3.3,24,1,Normal,Good
ALE-0227,ALE,Synth-2022,Null,Synthetic,Tech Failure,Retail Banking,46.37,4,2.93,3.41,3.25,2.6,29,1,Normal,Good
OLE-0411,OLE,07-12-2022,07-12-2022,Actual,Tech Failure,Payments,44.84,4,0.79,0.63,1,2.8,19,1,Normal,Good
ALE-0826,ALE,Synth-2022,Null,Synthetic,System Failure,Payments,81.88,4,1.67,1.97,1.9,2.8,28,2,Normal,Good
OLE-0586,OLE,05-04-2023,05-04-2023,Actual,Tech Failure,Payments,58.38,4,1.11,0.8,1,2.8,18,1,Normal,Good
ALE-0321,ALE,Synth-2022,Null,Synthetic,System Failure,Payments,120.28,4,1.22,1.82,1.55,3.7,26,2,Normal,Good
ALE-0179,ALE,Synth-2022,Null,Synthetic,Data Breach,ATM Network,126.81,5,1.44,2.53,2.99,2.8,17,0,Normal,Good
ALE-0979,ALE,Synth-2022,Null,Synthetic,Cyber-Fraud,ATM Network,18.2,2,1.87,3.02,2.1,3.1,29,0,Normal,Good
ALE-0046,ALE,Synth-2022,Null,Synthetic,Tech Failure,ATM Network,158.24,2,2.46,3.43,2.55,2.5,18,1,Normal,Good
OLE-0368,OLE,23-10-2023,23-10-2023,Actual,Data Breach,Retail Banking,5,2,0.71,1.33,1,3.9,21,1,Normal,Good
OLE-0832,OLE,11-09-2022,11-09-2022,Actual,Cyber-Fraud,Retail Banking,21.04,3,0.79,0.79,1,3.3,22,2,Normal,Good
OLE-0248,OLE,29-06-2022,29-06-2022,Actual,Tech Failure,Payments,103.86,2,1.27,0.7,1,3,19,0,Normal,Good
ALE-1054,ALE,Synth-2022,Null,Synthetic,Cyber-Fraud,Online Services,197.22,4,2.81,3.43,2.72,4,24,1,Normal,Good
ALE-0423,ALE,Synth-2022,Null,Synthetic,Tech Failure,ATM Network,61.13,1,2.08,3.38,2.97,3.9,15,0,Normal,Good
OLE-0136,OLE,26-04-2022,26-04-2022,Actual,System Failure,Payments,43.44,3,0.57,1.23,1,3.4,24,1,Normal,Good
ALE-0778,ALE,Synth-2022,Null,Synthetic,Phishing,Online Services,146.89,5,2.74,2.55,1.9,2.9,19,0,Normal,Good
OLE-0241,OLE,16-03-2023,16-03-2023,Actual,System Failure,ATM Network,74.36,1,1.32,0.92,1,3,18,0,Normal,Good
OLE-0580,OLE,09-11-2022,09-11-2022,Actual,Tech Failure,ATM Network,81.82,5,0.65,0.7,1,2.9,14,1,Normal,Good
ALE-0893,ALE,Synth-2022,Null,Synthetic,Cyber-Fraud,Retail Banking,136.98,2,1.15,2.89,2.62,3.2,25,0,Normal,Good
ALE-0859,ALE,Synth-2022,Null,Synthetic,Cyber-Fraud,E-Banking,91.93,4,2.4,3.37,2.75,3.6,15,2,Normal,Good
OLE-0850,OLE,11-03-2022,11-03-2022,Actual,System Failure,Retail Banking,20.54,3,1.28,0.73,1,2.8,22,1,Normal,Good
OLE-0290,OLE,03-07-2022,03-07-2022,Actual,Data Breach,Retail Banking,5,4,1,0.62,1,2.8,24,1,Normal,Good
OLE-0307,OLE,06-01-2022,06-01-2022,Actual,Tech Failure,Payments,15.53,2,1.39,1.26,1,3.4,23,1,Normal,Good
ALE-0795,ALE,Synth-2022,Null,Synthetic,Cyber-Fraud,Payments,113.67,3,2.45,2.11,2.23,3.3,18,1,Normal,Good
OLE-0842,OLE,30-06-2023,30-06-2023,Actual,Data Breach,Payments,40.89,1,1.1,1.31,1,3.3,14,1,Normal,Good
ALE-0082,ALE,Synth-2022,Null,Synthetic,System Failure,Retail Banking,186.46,1,1.71,1.95,1.59,3.9,18,0,Normal,Good
ALE-0108,ALE,Synth-2022,Null,Synthetic,System Failure,Retail Banking,129.53,3,2.74,2.54,2.86,3.2,27,1,Normal,Good
ALE-0245,ALE,Synth-2022,Null,Synthetic,Phishing,ATM Network,68.33,3,1.12,1.22,0.89,2.8,29,0,Normal,Good
OLE-0343,OLE,19-03-2022,19-03-2022,Actual,System Failure,ATM Network,66.26,3,1.49,1.16,1,2.8,20,2,Normal,Good
OLE-0308,OLE,26-06-2023,26-06-2023,Actual,Tech Failure,Payments,5,5,0.95,1.26,1,3,24,1,Normal,Good
OLE-0671,OLE,03-11-2022,03-11-2022,Actual,System Failure,ATM Network,76.06,3,0.85,0.76,1,3.8,14,0,Normal,Good
ALE-0446,ALE,Synth-2022,Null,Synthetic,Tech Failure,Payments,220.49,2,1.19,2.3,2.01,3.2,26,0,Normal,Good
OLE-0675,OLE,30-04-2023,30-04-2023,Actual,Tech Failure,Retail Banking,100.59,5,0.42,0.67,1,3.9,18,1,Normal,Good
ALE-0634,ALE,Synth-2022,Null,Synthetic,System Failure,Online Services,123.94,2,1.55,1.97,2.38,3.4,20,2,Normal,Good
ALE-1094,ALE,Synth-2022,Null,Synthetic,Phishing,Payments,114.82,2,2.3,3.25,3.18,2.8,25,2,Normal,Good
OLE-0410,OLE,22-08-2023,22-08-2023,Actual,Tech Failure,ATM Network,13.34,4,0.49,1.07,1,3.7,24,2,Normal,Good
OLE-0508,OLE,30-08-2023,30-08-2023,Actual,System Failure,Retail Banking,54.25,3,0.67,0.56,1,2.8,16,1,Normal,Good
OLE-0283,OLE,20-07-2023,20-07-2023,Actual,System Failure,E-Banking,17.45,2,0.94,0.86,1,3,17,0,Normal,Good
ALE-1216,ALE,Synth-2022,Null,Synthetic,Phishing,Retail Banking,340.16,3,2.49,1.36,0.94,2.6,29,0,Normal,Good
OLE-0101,OLE,18-05-2022,18-05-2022,Actual,System Failure,ATM Network,60.65,2,0.63,1.26,1,3.2,19,0,Normal,Good
ALE-1253,ALE,Synth-2022,Null,Synthetic,Data Breach,Payments,16.39,5,2.44,2.42,1.97,3.1,16,1,Normal,Good
ALE-0210,ALE,Synth-2022,Null,Synthetic,Tech Failure,Online Services,10,5,0.8,3.2,3.9,3.6,19,0,Normal,Good
ALE-1079,ALE,Synth-2022,Null,Synthetic,Cyber-Fraud,E-Banking,115.69,5,0.94,3.24,2.3,3,15,0,Normal,Good
ALE-0648,ALE,Synth-2022,Null,Synthetic,Tech Failure,Payments,153.34,1,1.57,1.58,1.92,3.1,20,1,Normal,Good
ALE-0066,ALE,Synth-2022,Null,Synthetic,Data Breach,ATM Network,126.7,4,2.43,3.07,3.45,2.5,25,0,Normal,Good
ALE-0587,ALE,Synth-2022,Null,Synthetic,System Failure,E-Banking,303.1,5,2.12,3.45,2.76,2.5,17,2,Normal,Good
OLE-0369,OLE,27-10-2023,27-10-2023,Actual,Data Breach,Retail Banking,17.14,5,0.84,1,1,2.9,19,1,Normal,Good
ALE-0529,ALE,Synth-2022,Null,Synthetic,Phishing,E-Banking,125.87,2,2.13,2.48,1.97,2.7,28,1,Normal,Good
OLE-0169,OLE,27-03-2022,27-03-2022,Actual,Cyber-Fraud,Payments,5,4,1,1.5,1,2.7,15,2,Normal,Good
ALE-0968,ALE,Synth-2022,Null,Synthetic,System Failure,Online Services,161.55,1,2.44,2.64,2.42,3.9,29,0,Normal,Good
ALE-1288,ALE,Synth-2022,Null,Synthetic,Tech Failure,E-Banking,205.75,4,1.17,3.16,3.09,3.4,25,1,Normal,Good
ALE-0822,ALE,Synth-2022,Null,Synthetic,Data Breach,ATM Network,177.67,3,2.74,2.05,2.4,3.9,29,0,Normal,Good
ALE-0813,ALE,Synth-2022,Null,Synthetic,Data Breach,ATM Network,183.34,5,1.51,2.31,1.9,2.9,16,2,Normal,Good
ALE-0406,ALE,Synth-2022,Null,Synthetic,Cyber-Fraud,Retail Banking,90.49,1,2.22,1.97,2.39,2.9,25,1,Normal,Good
ALE-0792,ALE,Synth-2022,Null,Synthetic,Cyber-Fraud,Retail Banking,120.55,2,1.34,2.12,1.63,3.8,27,2,Normal,Good
OLE-0591,OLE,03-01-2023,03-01-2023,Actual,Data Breach,ATM Network,45.23,5,0.7,1.2,1,3.6,16,1,Normal,Good
ALE-0546,ALE,Synth-2022,Null,Synthetic,Data Breach,E-Banking,182.33,3,1.79,2.45,2.82,3.9,17,1,Normal,Good
OLE-0536,OLE,23-12-2022,23-12-2022,Actual,Cyber-Fraud,Retail Banking,50.05,5,0.77,1.04,1,2.7,16,1,Normal,Good
ALE-0480,ALE,Synth-2022,Null,Synthetic,Data Breach,ATM Network,89.19,2,1.53,2.12,1.93,3.4,22,0,Normal,Good
OLE-0495,OLE,07-10-2023,07-10-2023,Actual,Tech Failure,ATM Network,90.11,1,0.65,0.77,1,3,22,0,Normal,Good
OLE-0112,OLE,01-03-2022,01-03-2022,Actual,System Failure,E-Banking,81.98,4,1.34,0.74,1,3.2,23,1,Normal,Good
OLE-0304,OLE,22-04-2022,22-04-2022,Actual,Cyber-Fraud,Retail Banking,93.71,3,1.3,1.34,1,3.1,15,0,Normal,Good
OLE-0097,OLE,26-04-2022,26-04-2022,Actual,Tech Failure,Retail Banking,37.66,5,1.31,0.69,1,3.7,23,0,Normal,Good
ALE-0168,ALE,Synth-2022,Null,Synthetic,Phishing,ATM Network,225.99,1,1.33,1.59,1.36,2.9,19,0,Normal,Good
ALE-0086,ALE,Synth-2022,Null,Synthetic,System Failure,E-Banking,216.44,3,1.8,2.33,2.82,2.8,22,1,Normal,Good
OLE-0841,OLE,09-02-2023,09-02-2023,Actual,Data Breach,E-Banking,90.9,1,0.81,0.83,1,3,18,1,Normal,Good
OLE-0276,OLE,18-11-2023,18-11-2023,Actual,System Failure,ATM Network,5,3,0.95,0.77,1,3.1,19,0,Normal,Good
ALE-0271,ALE,Synth-2022,Null,Synthetic,Cyber-Fraud,Retail Banking,199.04,5,1.29,1.43,0.99,3.3,25,2,Normal,Good
OLE-0212,OLE,08-09-2022,08-09-2022,Actual,Data Breach,Payments,73.67,2,1.02,0.97,1,2.6,23,1,Normal,Good
OLE-0300,OLE,27-12-2022,27-12-2022,Actual,System Failure,Payments,49.69,4,0.52,1.24,1,3.8,17,0,Normal,Good
ALE-0959,ALE,Synth-2022,Null,Synthetic,Cyber-Fraud,ATM Network,155.99,4,1.7,1.91,1.89,3,22,2,Normal,Good
ALE-0177,ALE,Synth-2022,Null,Synthetic,Tech Failure,Payments,119.85,3,0.95,3.49,3.48,2.7,21,0,Normal,Good
OLE-0809,OLE,01-03-2023,01-03-2023,Actual,Tech Failure,ATM Network,107,4,0.55,1.02,1,3.2,23,2,Normal,Good
OLE-0234,OLE,04-07-2023,04-07-2023,Actual,Cyber-Fraud,ATM Network,34.19,2,1.37,0.92,1,3.7,23,2,Normal,Good
ALE-0709,ALE,Synth-2022,Null,Synthetic,Cyber-Fraud,ATM Network,153.52,5,1.26,1.49,1.6,2.5,25,2,Normal,Good
ALE-0064,ALE,Synth-2022,Null,Synthetic,Tech Failure,Retail Banking,100.73,5,1.9,2.99,2.15,3.4,16,2,Normal,Good
OLE-0451,OLE,09-11-2022,09-11-2022,Actual,Data Breach,Retail Banking,97.5,4,0.78,0.96,1,3.1,20,1,Normal,Good
OLE-0441,OLE,01-11-2023,01-11-2023,Actual,Tech Failure,ATM Network,5,3,0.63,1.27,1,3.5,20,2,Normal,Good
OLE-0068,OLE,25-06-2022,25-06-2022,Actual,Cyber-Fraud,Retail Banking,101.66,3,0.39,0.51,1,3.9,18,1,Normal,Good
ALE-1169,ALE,Synth-2022,Null,Synthetic,Phishing,Retail Banking,198.79,3,2.62,2.85,3.46,3.1,19,0,Normal,Good
ALE-0119,ALE,Synth-2022,Null,Synthetic,Phishing,ATM Network,172.65,5,2.69,1.89,1.31,2.8,24,2,Normal,Good
OLE-0351,OLE,22-10-2023,22-10-2023,Actual,Data Breach,E-Banking,65.59,5,0.51,1.17,1,2.8,18,1,Normal,Good
ALE-0603,ALE,Synth-2022,Null,Synthetic,Cyber-Fraud,Online Services,138.54,4,2.36,2.55,2.49,3.3,25,1,Normal,Good
ALE-0793,ALE,Synth-2022,Null,Synthetic,System Failure,Retail Banking,10,5,2.7,1.57,1.38,2.8,16,2,Normal,Good
OLE-0317,OLE,09-01-2022,09-01-2022,Actual,System Failure,Retail Banking,35.93,5,0.38,0.59,1,4,24,0,Normal,Good
ALE-0567,ALE,Synth-2022,Null,Synthetic,Data Breach,Retail Banking,140.93,1,2.63,1.24,1.25,2.5,27,1,Normal,Good
ALE-0322,ALE,Synth-2022,Null,Synthetic,Data Breach,Payments,109.23,4,1.28,3.06,2.3,3,25,0,Normal,Good
ALE-0972,ALE,Synth-2022,Null,Synthetic,Tech Failure,ATM Network,94.44,3,0.99,1.47,1.13,2.6,28,0,Normal,Good
OLE-0483,OLE,09-12-2023,09-12-2023,Actual,Data Breach,ATM Network,82.23,3,0.8,0.86,1,3.4,20,2,Normal,Good
OLE-0030,OLE,10-09-2023,10-09-2023,Actual,Data Breach,ATM Network,63.21,2,0.43,0.5,1,3.5,18,1,Normal,Good
ALE-1157,ALE,Synth-2022,Null,Synthetic,Cyber-Fraud,Retail Banking,142.51,3,2.98,2.3,2.4,3.1,23,0,Normal,Good
ALE-1014,ALE,Synth-2022,Null,Synthetic,Tech Failure,Retail Banking,133.17,2,1.86,3.1,2.26,3.9,18,1,Normal,Good
ALE-0714,ALE,Synth-2022,Null,Synthetic,Tech Failure,Online Services,94.28,2,2.7,1.99,1.92,3.8,24,2,Normal,Good
ALE-0690,ALE,Synth-2022,Null,Synthetic,Cyber-Fraud,ATM Network,176.02,5,2.31,1.93,2.09,2.7,27,1,Normal,Good
ALE-1223,ALE,Synth-2022,Null,Synthetic,Cyber-Fraud,Payments,131.02,3,2.82,2.68,3.26,4,16,1,Normal,Good
OLE-0788,OLE,29-10-2023,29-10-2023,Actual,Data Breach,ATM Network,54.41,2,0.88,1.2,1,3.8,24,2,Normal,Good
ALE-0488,ALE,Synth-2022,Null,Synthetic,Tech Failure,Online Services,97.53,3,2.64,3.28,2.39,3.2,27,1,Normal,Good
ALE-1280,ALE,Synth-2022,Null,Synthetic,Phishing,Online Services,107.65,3,1.07,2.08,1.5,3,27,0,Normal,Good
ALE-1282,ALE,Synth-2022,Null,Synthetic,Data Breach,E-Banking,172,2,1.3,3.44,2.3,2.6,27,1,Normal,Good
ALE-1268,ALE,Synth-2022,Null,Synthetic,Phishing,Payments,212.15,4,2.05,1.47,1.23,2.8,19,2,Normal,Good
OLE-0695,OLE,23-03-2022,23-03-2022,Actual,Cyber-Fraud,E-Banking,93.26,3,0.31,0.52,1,3.4,16,1,Normal,Good
ALE-0072,ALE,Synth-2022,Null,Synthetic,Tech Failure,Payments,198.45,5,2.69,1.21,1.47,3.9,24,0,Normal,Good
OLE-0189,OLE,14-09-2023,14-09-2023,Actual,Data Breach,Retail Banking,67.94,2,1,1.12,1,2.6,15,1,Normal,Good
OLE-0135,OLE,22-05-2022,22-05-2022,Actual,System Failure,E-Banking,46.4,1,0.31,0.97,1,3,24,0,Normal,Good
OLE-0129,OLE,01-10-2023,01-10-2023,Actual,Cyber-Fraud,Payments,93.74,4,1.35,1.27,1,3.7,15,2,Normal,Good
OLE-0756,OLE,25-07-2022,25-07-2022,Actual,Data Breach,Retail Banking,5,3,0.53,0.96,1,3.9,19,1,Normal,Good
ALE-1132,ALE,Synth-2022,Null,Synthetic,Phishing,Payments,169.47,5,2.77,1.33,1.09,3.4,20,2,Normal,Good
OLE-0325,OLE,27-01-2022,27-01-2022,Actual,Data Breach,E-Banking,71.06,3,1.44,1.33,1,3,19,1,Normal,Good
OLE-0544,OLE,25-10-2022,25-10-2022,Actual,Data Breach,Payments,28.71,3,1.26,0.68,1,2.7,20,0,Normal,Good
ALE-0153,ALE,Synth-2022,Null,Synthetic,Phishing,Payments,170.44,2,2.65,2.23,1.79,2.8,20,2,Normal,Good
ALE-0441,ALE,Synth-2022,Null,Synthetic,Cyber-Fraud,Payments,81.49,1,1.03,2.61,3.01,3.6,25,1,Normal,Good
OLE-0185,OLE,21-05-2022,21-05-2022,Actual,Tech Failure,Payments,50.91,2,0.39,1,1,3.7,19,1,Normal,Good
OLE-0052,OLE,07-12-2022,07-12-2022,Actual,Data Breach,E-Banking,74.53,5,0.33,0.64,1,3.9,17,1,Normal,Good
OLE-0197,OLE,22-05-2022,22-05-2022,Actual,Cyber-Fraud,E-Banking,65.67,5,0.52,0.78,1,2.7,17,2,Normal,Good
ALE-1145,ALE,Synth-2022,Null,Synthetic,Data Breach,Retail Banking,107.48,2,1.01,1.75,1.61,3.8,28,0,Normal,Good
ALE-0753,ALE,Synth-2022,Null,Synthetic,Phishing,Retail Banking,122.73,2,1.8,1.67,1.26,3.2,18,0,Normal,Good
ALE-1037,ALE,Synth-2022,Null,Synthetic,Data Breach,Retail Banking,299.53,2,1.64,2.97,2.29,2.6,26,0,Normal,Good
ALE-0944,ALE,Synth-2022,Null,Synthetic,Cyber-Fraud,E-Banking,130.06,4,1.79,3.18,3.57,3,16,1,Normal,Good
OLE-0240,OLE,29-10-2023,29-10-2023,Actual,Cyber-Fraud,ATM Network,35.38,5,0.66,0.73,1,2.5,17,1,Normal,Good
OLE-0388,OLE,03-05-2023,03-05-2023,Actual,System Failure,Retail Banking,34.58,1,1.16,0.57,1,3.1,20,2,Normal,Good
ALE-1002,ALE,Synth-2022,Null,Synthetic,Data Breach,ATM Network,232.16,2,2.3,3.26,3.16,3.9,23,1,Normal,Good
ALE-0630,ALE,Synth-2022,Null,Synthetic,System Failure,E-Banking,247.59,4,1.66,2.48,2.06,2.7,17,1,Normal,Good
ALE-0414,ALE,Synth-2022,Null,Synthetic,Phishing,Online Services,187.5,3,1,2.22,1.48,3.8,29,0,Normal,Good
OLE-0255,OLE,10-01-2023,10-01-2023,Actual,Cyber-Fraud,Payments,5,3,0.53,0.91,1,3.9,18,0,Normal,Good
ALE-0661,ALE,Synth-2022,Null,Synthetic,Tech Failure,Retail Banking,76.56,2,1.64,2.57,3.03,2.9,16,2,Normal,Good
ALE-0144,ALE,Synth-2022,Null,Synthetic,Cyber-Fraud,ATM Network,139.54,1,1.26,1.53,1.07,4,26,1,Normal,Good
ALE-0830,ALE,Synth-2022,Null,Synthetic,System Failure,E-Banking,153.78,3,0.83,1.49,1.45,3.3,28,2,Normal,Good
ALE-0673,ALE,Synth-2022,Null,Synthetic,Cyber-Fraud,E-Banking,194.06,1,2.72,1.72,1.52,2.7,18,0,Normal,Good
ALE-0771,ALE,Synth-2022,Null,Synthetic,Data Breach,E-Banking,174.12,5,0.98,2.13,2.01,2.9,25,0,Normal,Good
OLE-0638,OLE,26-09-2023,26-09-2023,Actual,Cyber-Fraud,Payments,82.48,4,1.32,0.55,1,2.7,21,1,Normal,Good
ALE-0462,ALE,Synth-2022,Null,Synthetic,Phishing,Payments,347.75,3,2.61,1.3,1.15,3.1,24,1,Potential Outlier,Review Required
OLE-0799,OLE,16-06-2023,16-06-2023,Actual,Cyber-Fraud,ATM Network,49.97,3,0.85,1.11,1,2.8,14,0,Normal,Good
ALE-0918,ALE,Synth-2022,Null,Synthetic,Data Breach,Retail Banking,205.38,4,2.47,1.41,1.22,2.6,19,1,Normal,Good
OLE-0528,OLE,29-03-2022,29-03-2022,Actual,Cyber-Fraud,Payments,80.17,5,0.94,1.36,1,3,23,2,Normal,Good
ALE-0924,ALE,Synth-2022,Null,Synthetic,Data Breach,Retail Banking,270.35,1,1.24,2.91,2.05,3.4,28,1,Normal,Good
ALE-0165,ALE,Synth-2022,Null,Synthetic,System Failure,E-Banking,194.25,2,1.22,2.21,1.83,3.7,24,1,Normal,Good
ALE-0537,ALE,Synth-2022,Null,Synthetic,Data Breach,Online Services,83.85,3,2.11,2.68,2.01,2.7,20,0,Normal,Good
OLE-0481,OLE,22-03-2023,22-03-2023,Actual,System Failure,E-Banking,65.08,4,1.11,0.9,1,2.7,20,2,Normal,Good
ALE-0117,ALE,Synth-2022,Null,Synthetic,Cyber-Fraud,E-Banking,290.91,1,2.74,3.25,3.47,3.4,22,0,Normal,Good
ALE-0107,ALE,Synth-2022,Null,Synthetic,Data Breach,Online Services,163.51,3,1.17,2.63,2.02,3.4,26,0,Normal,Good
OLE-0465,OLE,20-03-2022,20-03-2022,Actual,Cyber-Fraud,E-Banking,83.09,5,1.28,1.32,1,3.7,18,2,Normal,Good
ALE-1274,ALE,Synth-2022,Null,Synthetic,Tech Failure,Payments,97.68,2,2.53,2.8,2.67,3.8,23,1,Normal,Good
ALE-0364,ALE,Synth-2022,Null,Synthetic,Phishing,E-Banking,251.19,2,2.63,1.37,1.07,3.3,28,2,Normal,Good
ALE-0797,ALE,Synth-2022,Null,Synthetic,System Failure,Payments,252.08,2,1.06,1.78,1.98,3.1,26,2,Normal,Good
ALE-1053,ALE,Synth-2022,Null,Synthetic,Tech Failure,Payments,167.3,2,1.58,2.41,1.98,3.4,22,2,Normal,Good
ALE-0095,ALE,Synth-2022,Null,Synthetic,Tech Failure,ATM Network,82.66,3,1.19,2.53,1.77,3,23,2,Normal,Good
ALE-0604,ALE,Synth-2022,Null,Synthetic,Phishing,Retail Banking,182.52,5,0.82,2.25,2.52,3.5,15,1,Normal,Good
ALE-0004,ALE,Synth-2022,Null,Synthetic,System Failure,E-Banking,85.43,5,2.59,3.19,2.51,2.6,15,0,Normal,Good
OLE-0583,OLE,03-08-2023,03-08-2023,Actual,Data Breach,Retail Banking,56.76,5,1.02,0.58,1,3.5,23,1,Normal,Good
OLE-0121,OLE,04-06-2022,04-06-2022,Actual,Data Breach,Retail Banking,103.79,2,0.55,0.88,1,4,22,1,Normal,Good
ALE-1091,ALE,Synth-2022,Null,Synthetic,System Failure,E-Banking,95.16,4,1.86,2.32,1.63,2.9,15,0,Normal,Good
OLE-0603,OLE,11-03-2023,11-03-2023,Actual,Tech Failure,Payments,40.59,5,0.37,1.32,1,3,18,2,Normal,Good
OLE-0487,OLE,06-02-2022,06-02-2022,Actual,Cyber-Fraud,ATM Network,67.68,4,1.02,1.01,1,2.9,15,0,Normal,Good
OLE-0057,OLE,08-06-2022,08-06-2022,Actual,System Failure,ATM Network,32.22,4,0.93,0.93,1,2.7,17,2,Normal,Good
OLE-0252,OLE,23-07-2023,23-07-2023,Actual,Tech Failure,E-Banking,63.64,3,0.82,0.81,1,3.2,21,0,Normal,Good
ALE-0598,ALE,Synth-2022,Null,Synthetic,Data Breach,Payments,202.81,1,2.77,3.27,3.17,3.9,15,0,Normal,Good
OLE-0614,OLE,13-09-2022,13-09-2022,Actual,System Failure,Retail Banking,5,1,0.83,1.01,1,2.9,17,0,Normal,Good
OLE-0606,OLE,28-04-2023,28-04-2023,Actual,Cyber-Fraud,Retail Banking,28.37,2,1.28,0.51,1,3.2,22,0,Normal,Good
OLE-0515,OLE,16-06-2023,16-06-2023,Actual,System Failure,Retail Banking,5,2,0.36,1.46,1,3.5,17,2,Normal,Good
ALE-0230,ALE,Synth-2022,Null,Synthetic,System Failure,E-Banking,174.89,4,1.66,2.09,2.09,2.9,17,1,Normal,Good
ALE-1140,ALE,Synth-2022,Null,Synthetic,Tech Failure,Retail Banking,158.07,5,1.42,2.4,2.41,2.8,21,2,Normal,Good
ALE-0780,ALE,Synth-2022,Null,Synthetic,Data Breach,Payments,211.02,3,2.59,1.45,1.64,3.4,23,2,Normal,Good
OLE-0333,OLE,08-08-2022,08-08-2022,Actual,Tech Failure,E-Banking,63.25,3,1.18,0.79,1,3.7,16,2,Normal,Good
ALE-0052,ALE,Synth-2022,Null,Synthetic,Phishing,ATM Network,291.72,5,1.26,2.36,2,2.9,29,0,Normal,Good
OLE-0299,OLE,29-10-2023,29-10-2023,Actual,Data Breach,Retail Banking,40.22,1,1.26,1.4,1,2.8,21,1,Normal,Good
ALE-0351,ALE,Synth-2022,Null,Synthetic,Cyber-Fraud,Online Services,102.5,4,1.87,3.07,2.09,3.9,18,0,Normal,Good
ALE-0029,ALE,Synth-2022,Null,Synthetic,Cyber-Fraud,Retail Banking,157.09,3,1.7,2.31,2.72,2.9,28,1,Normal,Good
ALE-0611,ALE,Synth-2022,Null,Synthetic,Tech Failure,Retail Banking,184.53,3,1.76,3.14,2.58,3.6,24,0,Normal,Good
ALE-0895,ALE,Synth-2022,Null,Synthetic,System Failure,Online Services,240.61,4,0.92,1.61,1.36,3.2,21,0,Normal,Good
ALE-0275,ALE,Synth-2022,Null,Synthetic,Cyber-Fraud,Online Services,10,2,2.81,3,2.26,3.4,25,1,Normal,Good
ALE-0974,ALE,Synth-2022,Null,Synthetic,System Failure,Retail Banking,240.85,2,2.92,3.34,2.5,3.3,26,2,Normal,Good
ALE-0442,ALE,Synth-2022,Null,Synthetic,Phishing,Payments,148.67,1,2.3,2.68,3.31,3.8,28,1,Normal,Good
ALE-0447,ALE,Synth-2022,Null,Synthetic,System Failure,Retail Banking,94.26,3,2.78,3.12,2.63,3.4,26,2,Normal,Good
OLE-0045,OLE,05-05-2023,05-05-2023,Actual,System Failure,Payments,29.54,1,0.41,1.44,1,3.3,24,2,Normal,Good
OLE-0533,OLE,18-09-2023,18-09-2023,Actual,Data Breach,ATM Network,64.55,5,0.44,0.67,1,3.2,18,0,Normal,Good
ALE-0914,ALE,Synth-2022,Null,Synthetic,Data Breach,Retail Banking,80.99,4,1.42,2.46,2.87,3.9,18,0,Normal,Good
ALE-0884,ALE,Synth-2022,Null,Synthetic,Data Breach,ATM Network,207.28,2,1.08,2.21,1.68,3.5,24,0,Normal,Good
ALE-0308,ALE,Synth-2022,Null,Synthetic,Tech Failure,Online Services,179.33,2,1.93,2.89,2.66,3,23,0,Normal,Good
ALE-0249,ALE,Synth-2022,Null,Synthetic,Tech Failure,ATM Network,68.74,5,2.57,1.87,1.48,3.1,24,2,Normal,Good
ALE-1168,ALE,Synth-2022,Null,Synthetic,System Failure,Online Services,120.85,3,2.38,3.11,3.31,3.8,26,0,Normal,Good
ALE-0368,ALE,Synth-2022,Null,Synthetic,Data Breach,Payments,20.92,4,1.58,3.02,2.61,2.7,16,0,Normal,Good
ALE-0538,ALE,Synth-2022,Null,Synthetic,System Failure,E-Banking,41.8,3,2.2,1.56,1.19,3.6,24,1,Normal,Good
ALE-0844,ALE,Synth-2022,Null,Synthetic,System Failure,Retail Banking,34.91,1,1.51,1.8,1.36,3,16,2,Normal,Good
OLE-0648,OLE,26-02-2022,26-02-2022,Actual,Tech Failure,E-Banking,60.84,2,1.38,0.63,1,3.1,15,0,Normal,Good
OLE-0383,OLE,02-02-2023,02-02-2023,Actual,Data Breach,Retail Banking,62.89,3,0.72,0.86,1,3.7,14,1,Normal,Good
OLE-0070,OLE,18-06-2023,18-06-2023,Actual,System Failure,ATM Network,49.45,5,0.96,1.33,1,2.6,23,1,Normal,Good
ALE-1221,ALE,Synth-2022,Null,Synthetic,Data Breach,ATM Network,104.73,1,1.44,2.47,2.92,2.7,21,1,Normal,Good
ALE-0548,ALE,Synth-2022,Null,Synthetic,Data Breach,Retail Banking,95.55,2,2.68,1.41,1.02,3,26,0,Normal,Good
ALE-0229,ALE,Synth-2022,Null,Synthetic,System Failure,ATM Network,210.88,3,1.44,1.38,1.21,3,29,0,Normal,Good
ALE-0509,ALE,Synth-2022,Null,Synthetic,Data Breach,Retail Banking,138.96,5,2.76,1.79,1.23,3.4,26,0,Normal,Good
OLE-0651,OLE,06-02-2023,06-02-2023,Actual,Tech Failure,Payments,36.11,2,0.38,1.32,1,3.5,14,2,Normal,Good
OLE-0384,OLE,21-03-2022,21-03-2022,Actual,Data Breach,Payments,63,2,0.49,1.33,1,3,19,2,Normal,Good
ALE-1122,ALE,Synth-2022,Null,Synthetic,Phishing,ATM Network,152.12,4,2.49,2.24,1.8,3.3,17,1,Normal,Good
ALE-1209,ALE,Synth-2022,Null,Synthetic,System Failure,E-Banking,178.75,5,2.59,1.9,1.57,3.9,19,2,Normal,Good
ALE-0172,ALE,Synth-2022,Null,Synthetic,Data Breach,E-Banking,34.65,1,2.36,1.46,1.44,3.7,29,0,Normal,Good
ALE-0819,ALE,Synth-2022,Null,Synthetic,System Failure,Payments,152.57,1,2.57,2.74,3.08,3,20,2,Normal,Good
ALE-0561,ALE,Synth-2022,Null,Synthetic,Data Breach,Online Services,194.89,3,2.06,1.78,1.31,2.6,22,0,Normal,Good
OLE-0706,OLE,07-12-2022,07-12-2022,Actual,System Failure,ATM Network,18.35,1,0.7,0.75,1,4,16,1,Normal,Good
OLE-0322,OLE,20-03-2022,20-03-2022,Actual,System Failure,ATM Network,83.4,1,0.38,1.14,1,3.6,15,1,Normal,Good
ALE-0846,ALE,Synth-2022,Null,Synthetic,Phishing,ATM Network,242.5,1,2.03,3.46,2.98,3.9,29,2,Normal,Good
ALE-0428,ALE,Synth-2022,Null,Synthetic,Cyber-Fraud,Online Services,10,2,0.88,2.82,2.83,3.4,29,1,Normal,Good
OLE-0711,OLE,26-09-2022,26-09-2022,Actual,Tech Failure,ATM Network,51.92,4,0.88,1.4,1,3.9,21,1,Normal,Good
ALE-1260,ALE,Synth-2022,Null,Synthetic,Phishing,E-Banking,115.76,1,0.88,1.8,1.4,2.9,21,1,Normal,Good
OLE-0421,OLE,01-12-2022,01-12-2022,Actual,Cyber-Fraud,E-Banking,19.81,5,0.86,1.44,1,3,21,0,Normal,Good
OLE-0434,OLE,16-12-2022,16-12-2022,Actual,Data Breach,E-Banking,40.99,1,0.76,1.17,1,4,24,0,Normal,Good
OLE-0100,OLE,01-02-2023,01-02-2023,Actual,Data Breach,E-Banking,36.29,4,0.32,0.78,1,2.6,19,2,Normal,Good
ALE-0324,ALE,Synth-2022,Null,Synthetic,Cyber-Fraud,ATM Network,85.52,5,2.91,1.93,2.02,3.5,21,2,Normal,Good
OLE-0430,OLE,02-06-2022,02-06-2022,Actual,System Failure,ATM Network,28.63,5,1.3,0.63,1,2.7,14,0,Normal,Good
ALE-0255,ALE,Synth-2022,Null,Synthetic,Cyber-Fraud,E-Banking,163.48,4,1.23,1.78,1.93,3.9,24,2,Normal,Good
ALE-0614,ALE,Synth-2022,Null,Synthetic,Cyber-Fraud,ATM Network,167.22,1,2.03,1.78,1.98,2.8,20,1,Normal,Good
OLE-0600,OLE,13-09-2022,13-09-2022,Actual,Cyber-Fraud,Payments,66.13,3,0.9,1.41,1,3.6,22,2,Normal,Good
ALE-0043,ALE,Synth-2022,Null,Synthetic,System Failure,Online Services,278.33,4,0.82,2.46,1.66,3.2,26,0,Normal,Good
OLE-0531,OLE,30-03-2022,30-03-2022,Actual,Tech Failure,E-Banking,88.06,2,0.66,0.82,1,2.7,21,1,Normal,Good
ALE-0989,ALE,Synth-2022,Null,Synthetic,Phishing,Retail Banking,105.2,5,1.2,2,1.38,2.7,29,0,Normal,Good
ALE-0906,ALE,Synth-2022,Null,Synthetic,Phishing,E-Banking,236.97,5,3,2.09,1.95,3.3,19,0,Normal,Good
ALE-0953,ALE,Synth-2022,Null,Synthetic,Data Breach,E-Banking,10,1,2.1,1.78,1.81,3.2,27,1,Normal,Good
OLE-0125,OLE,16-06-2023,16-06-2023,Actual,Tech Failure,Payments,15.74,1,1.31,0.97,1,4,16,0,Normal,Good
OLE-0186,OLE,08-01-2023,08-01-2023,Actual,Cyber-Fraud,Payments,68.26,2,1.15,1.17,1,2.8,15,2,Normal,Good
ALE-0564,ALE,Synth-2022,Null,Synthetic,Data Breach,Payments,218.91,3,2.71,2.75,1.84,2.6,24,0,Normal,Good
OLE-0520,OLE,11-05-2022,11-05-2022,Actual,Tech Failure,E-Banking,45.74,2,1.11,0.64,1,2.9,20,1,Normal,Good
ALE-0987,ALE,Synth-2022,Null,Synthetic,System Failure,Payments,190.5,5,2.61,2.13,1.43,3.7,16,0,Normal,Good
ALE-0332,ALE,Synth-2022,Null,Synthetic,Phishing,Retail Banking,185.41,1,2.95,3.14,3.4,3.9,29,2,Normal,Good
ALE-0382,ALE,Synth-2022,Null,Synthetic,System Failure,Retail Banking,156.7,2,1.71,1.79,2.22,2.9,17,1,Normal,Good
OLE-0509,OLE,02-03-2022,02-03-2022,Actual,Tech Failure,Retail Banking,57.49,3,1.27,1.45,1,3,24,2,Normal,Good
ALE-1213,ALE,Synth-2022,Null,Synthetic,Data Breach,Payments,116.5,2,0.86,1.69,1.53,3.1,17,1,Normal,Good
OLE-0066,OLE,24-12-2023,24-12-2023,Actual,System Failure,Retail Banking,45,1,1.04,0.57,1,3.3,16,0,Normal,Good
OLE-0362,OLE,13-05-2023,13-05-2023,Actual,System Failure,Retail Banking,96.68,2,1.11,1.07,1,3.9,19,1,Normal,Good
ALE-1277,ALE,Synth-2022,Null,Synthetic,Cyber-Fraud,Online Services,239.49,2,1.3,2.16,1.59,3.3,19,0,Normal,Good
ALE-1114,ALE,Synth-2022,Null,Synthetic,Cyber-Fraud,Retail Banking,10,1,2.08,2.3,1.94,2.8,15,1,Normal,Good
ALE-0851,ALE,Synth-2022,Null,Synthetic,Phishing,E-Banking,91.89,4,2.74,1.88,1.37,3,16,0,Normal,Good
ALE-0494,ALE,Synth-2022,Null,Synthetic,Cyber-Fraud,Online Services,94,4,2.12,2.84,2.8,3.3,16,0,Normal,Good
ALE-0047,ALE,Synth-2022,Null,Synthetic,Cyber-Fraud,Online Services,217.49,3,1.86,2.43,2.65,3,23,0,Normal,Good
ALE-1061,ALE,Synth-2022,Null,Synthetic,Phishing,Online Services,168.35,2,2.65,2.76,2.14,3.3,27,2,Normal,Good
ALE-1203,ALE,Synth-2022,Null,Synthetic,Data Breach,ATM Network,147.69,5,1.74,2.27,1.53,3.5,28,2,Normal,Good
OLE-0612,OLE,11-08-2023,11-08-2023,Actual,System Failure,Retail Banking,72.04,1,1.45,0.64,1,3.4,19,0,Normal,Good
ALE-1025,ALE,Synth-2022,Null,Synthetic,Tech Failure,Payments,222.85,3,2.92,2.53,1.7,3.1,24,2,Normal,Good
OLE-0417,OLE,17-12-2023,17-12-2023,Actual,System Failure,Payments,37.71,5,1.22,0.93,1,3.2,15,0,Normal,Good
OLE-0573,OLE,29-03-2022,29-03-2022,Actual,Tech Failure,Retail Banking,5,5,0.87,0.84,1,3.9,23,1,Normal,Good
ALE-1102,ALE,Synth-2022,Null,Synthetic,Cyber-Fraud,ATM Network,27.12,3,2.23,1.27,1.26,3.3,20,1,Normal,Good
OLE-0427,OLE,13-06-2022,13-06-2022,Actual,Tech Failure,Retail Banking,17.97,4,1.49,1.23,1,3.7,17,0,Normal,Good
ALE-0253,ALE,Synth-2022,Null,Synthetic,Data Breach,Retail Banking,10,3,1,2.56,2.1,3.1,28,2,Normal,Good
ALE-0946,ALE,Synth-2022,Null,Synthetic,Phishing,E-Banking,92.28,5,2.5,3.36,3.74,3.1,24,1,Normal,Good
OLE-0213,OLE,28-12-2022,28-12-2022,Actual,Tech Failure,Payments,113.79,3,1.46,0.58,1,3,24,1,Normal,Good
ALE-1196,ALE,Synth-2022,Null,Synthetic,Phishing,Retail Banking,158.1,1,1.25,2.47,2.81,2.9,19,1,Normal,Good
OLE-0409,OLE,27-05-2023,27-05-2023,Actual,Tech Failure,E-Banking,22.04,5,1.34,1.26,1,3.6,17,2,Normal,Good
ALE-0727,ALE,Synth-2022,Null,Synthetic,Phishing,ATM Network,159.33,2,1.76,3.09,2.14,3.5,21,0,Normal,Good
OLE-0282,OLE,11-11-2022,11-11-2022,Actual,System Failure,Payments,45.24,3,1.28,1.19,1,2.7,18,0,Normal,Good
ALE-0377,ALE,Synth-2022,Null,Synthetic,Data Breach,E-Banking,232.03,4,1.35,1.72,1.48,3.3,24,0,Normal,Good
ALE-0277,ALE,Synth-2022,Null,Synthetic,Tech Failure,E-Banking,131.36,5,2.62,2.22,1.85,3.3,29,2,Normal,Good
OLE-0819,OLE,15-08-2022,15-08-2022,Actual,System Failure,ATM Network,58.17,4,1.19,0.65,1,2.7,14,1,Normal,Good
ALE-0002,ALE,Synth-2022,Null,Synthetic,Data Breach,E-Banking,155.42,5,1.69,2.69,2.09,3.5,20,1,Normal,Good
ALE-0860,ALE,Synth-2022,Null,Synthetic,Tech Failure,Payments,133.23,3,0.9,1.2,1.15,2.9,16,2,Normal,Good
OLE-0211,OLE,06-09-2023,06-09-2023,Actual,Data Breach,Payments,5,5,0.78,0.8,1,2.6,22,0,Normal,Good
ALE-0585,ALE,Synth-2022,Null,Synthetic,Phishing,ATM Network,160.18,4,0.83,2.35,2.25,3.4,15,0,Normal,Good
OLE-0652,OLE,18-07-2022,18-07-2022,Actual,Cyber-Fraud,Payments,8.23,3,0.95,0.76,1,3.7,24,1,Normal,Good
ALE-1010,ALE,Synth-2022,Null,Synthetic,Tech Failure,ATM Network,222.63,1,2.96,2.68,1.9,3.4,16,1,Normal,Good
OLE-0221,OLE,18-04-2023,18-04-2023,Actual,Cyber-Fraud,E-Banking,98.5,1,0.54,1.45,1,4,24,1,Normal,Good
ALE-0289,ALE,Synth-2022,Null,Synthetic,Cyber-Fraud,Payments,164.42,1,1.69,1.57,1.78,3.6,22,1,Normal,Good
OLE-0238,OLE,14-03-2022,14-03-2022,Actual,Tech Failure,Payments,78.73,1,0.95,0.78,1,3.1,18,2,Normal,Good
OLE-0745,OLE,31-12-2023,31-12-2023,Actual,System Failure,Payments,51.87,4,0.77,0.74,1,2.5,19,2,Normal,Good
ALE-0476,ALE,Synth-2022,Null,Synthetic,Tech Failure,ATM Network,131.34,2,2.6,2.04,1.67,3.4,26,2,Normal,Good
ALE-1172,ALE,Synth-2022,Null,Synthetic,System Failure,ATM Network,110.72,4,1.35,2.89,2.89,3,25,1,Normal,Good
ALE-1007,ALE,Synth-2022,Null,Synthetic,Cyber-Fraud,Payments,48.77,5,2.04,2.28,1.6,3.7,21,2,Normal,Good
ALE-0472,ALE,Synth-2022,Null,Synthetic,Tech Failure,E-Banking,115.12,4,2.53,1.78,1.63,3,28,1,Normal,Good
ALE-0524,ALE,Synth-2022,Null,Synthetic,Data Breach,Online Services,315.72,1,2.94,1.29,1.29,2.8,29,2,Normal,Good
ALE-0050,ALE,Synth-2022,Null,Synthetic,Data Breach,E-Banking,231.16,2,1.79,2.22,1.56,2.7,16,2,Normal,Good
ALE-0521,ALE,Synth-2022,Null,Synthetic,System Failure,ATM Network,198.34,5,2.58,3.43,3.02,3.6,23,1,Normal,Good
OLE-0014,OLE,21-10-2023,21-10-2023,Actual,Tech Failure,E-Banking,45.08,1,1.3,1.36,1,3.7,24,0,Normal,Good
OLE-0486,OLE,28-10-2022,28-10-2022,Actual,Cyber-Fraud,ATM Network,71.48,1,1.26,1.24,1,3.4,14,2,Normal,Good
ALE-0631,ALE,Synth-2022,Null,Synthetic,Phishing,E-Banking,70.07,5,2.88,2.86,2.23,4,19,2,Normal,Good
ALE-0637,ALE,Synth-2022,Null,Synthetic,Data Breach,Online Services,164.92,1,1.24,1.42,1.61,3.7,27,2,Normal,Good
ALE-0743,ALE,Synth-2022,Null,Synthetic,Phishing,Online Services,18.39,3,1.83,3.48,2.45,3,18,0,Normal,Good
ALE-0875,ALE,Synth-2022,Null,Synthetic,System Failure,Payments,55,4,2.64,1.31,0.9,2.7,23,1,Normal,Good
ALE-0960,ALE,Synth-2022,Null,Synthetic,Phishing,E-Banking,13.21,5,1.9,1.23,0.86,2.6,27,1,Normal,Good
OLE-0439,OLE,03-02-2022,03-02-2022,Actual,Cyber-Fraud,Payments,73.42,3,0.9,1.23,1,3.4,22,1,Normal,Good
OLE-0743,OLE,08-08-2022,08-08-2022,Actual,System Failure,Payments,107.93,2,0.36,1.13,1,2.6,24,2,Normal,Good
ALE-0644,ALE,Synth-2022,Null,Synthetic,Tech Failure,ATM Network,253.81,2,2.06,1.9,1.66,3.3,24,2,Normal,Good
ALE-1058,ALE,Synth-2022,Null,Synthetic,System Failure,Online Services,219.59,2,2.98,3.22,3.87,3.1,23,0,Normal,Good
ALE-0035,ALE,Synth-2022,Null,Synthetic,Phishing,ATM Network,149.9,3,2.36,1.32,0.94,3.2,26,1,Normal,Good
ALE-0016,ALE,Synth-2022,Null,Synthetic,System Failure,Retail Banking,165.79,4,0.82,3.06,3.12,3.5,27,2,Normal,Good
ALE-0607,ALE,Synth-2022,Null,Synthetic,System Failure,Payments,187.05,5,2.21,2.98,2.12,2.5,19,0,Normal,Good
ALE-0870,ALE,Synth-2022,Null,Synthetic,Tech Failure,ATM Network,115.58,1,2.33,1.75,1.98,3.8,23,2,Normal,Good
ALE-0469,ALE,Synth-2022,Null,Synthetic,Tech Failure,Online Services,157.52,3,1.74,2.48,2.9,3.7,27,1,Normal,Good
ALE-0431,ALE,Synth-2022,Null,Synthetic,Data Breach,Retail Banking,218.2,3,2.16,1.73,2.16,3.6,18,0,Normal,Good
ALE-0232,ALE,Synth-2022,Null,Synthetic,Data Breach,Payments,112.85,4,1.29,2.27,2.01,3.8,23,0,Normal,Good
ALE-0147,ALE,Synth-2022,Null,Synthetic,Data Breach,ATM Network,198.31,5,2.96,2.67,2.92,3.9,25,2,Normal,Good
ALE-1082,ALE,Synth-2022,Null,Synthetic,System Failure,Payments,234.8,5,2.14,2.86,3.5,3.4,23,1,Normal,Good
ALE-0916,ALE,Synth-2022,Null,Synthetic,System Failure,ATM Network,86.24,2,0.92,3.33,2.64,3.8,18,0,Normal,Good
OLE-0106,OLE,05-10-2023,05-10-2023,Actual,Cyber-Fraud,Payments,12.37,5,0.44,0.65,1,2.8,23,0,Normal,Good
ALE-0234,ALE,Synth-2022,Null,Synthetic,Phishing,E-Banking,161.86,3,1.97,2,1.72,3.5,24,0,Normal,Good
OLE-0122,OLE,24-08-2023,24-08-2023,Actual,Cyber-Fraud,E-Banking,56.72,2,0.43,1.26,1,4,15,2,Normal,Good
OLE-0621,OLE,16-12-2023,16-12-2023,Actual,System Failure,Retail Banking,48.13,3,0.99,0.84,1,3.7,14,0,Normal,Good
ALE-1000,ALE,Synth-2022,Null,Synthetic,Phishing,Online Services,77.07,2,1.82,3.33,4.13,2.9,24,0,Normal,Good
OLE-0555,OLE,19-04-2022,19-04-2022,Actual,Data Breach,ATM Network,73.54,5,1.19,0.95,1,2.5,19,1,Normal,Good
ALE-0058,ALE,Synth-2022,Null,Synthetic,Data Breach,Retail Banking,93.44,3,2.43,2.72,2.82,2.6,29,0,Normal,Good
ALE-0707,ALE,Synth-2022,Null,Synthetic,Cyber-Fraud,Retail Banking,260.79,1,2.96,3.06,3.36,2.9,16,2,Normal,Good
ALE-0683,ALE,Synth-2022,Null,Synthetic,Data Breach,E-Banking,256.8,4,1.8,2.29,2.03,2.5,21,2,Normal,Good
OLE-0116,OLE,23-05-2022,23-05-2022,Actual,System Failure,E-Banking,34.63,2,0.49,1.2,1,3.7,20,2,Normal,Good
ALE-1112,ALE,Synth-2022,Null,Synthetic,System Failure,Retail Banking,259.35,2,2.75,2.67,1.91,3,23,2,Normal,Good
OLE-0768,OLE,22-04-2022,22-04-2022,Actual,System Failure,Payments,28.65,4,1.38,1.16,1,2.7,17,2,Normal,Good
ALE-0999,ALE,Synth-2022,Null,Synthetic,Cyber-Fraud,Online Services,249.38,2,1.29,2.37,2.04,3.4,25,0,Normal,Good
ALE-0380,ALE,Synth-2022,Null,Synthetic,Phishing,E-Banking,24.06,3,1.93,2.78,2.22,3.1,18,1,Normal,Good
ALE-1029,ALE,Synth-2022,Null,Synthetic,Cyber-Fraud,Payments,196.42,4,2.88,1.6,1.63,3.6,29,0,Normal,Good
ALE-1064,ALE,Synth-2022,Null,Synthetic,Tech Failure,Retail Banking,128.72,1,2.73,2.99,3.2,3.5,20,0,Normal,Good
ALE-0137,ALE,Synth-2022,Null,Synthetic,System Failure,ATM Network,165.56,3,2.67,2.82,2.47,2.9,18,2,Normal,Good
ALE-0523,ALE,Synth-2022,Null,Synthetic,System Failure,Payments,199.9,1,1.01,2.72,2.66,3.6,16,1,Normal,Good
OLE-0737,OLE,21-07-2023,21-07-2023,Actual,Cyber-Fraud,ATM Network,58.55,3,0.39,0.52,1,2.7,17,1,Normal,Good
ALE-0160,ALE,Synth-2022,Null,Synthetic,Phishing,Online Services,138.49,1,1.52,3.18,3.59,3.2,29,2,Normal,Good
OLE-0786,OLE,05-12-2023,05-12-2023,Actual,Tech Failure,Payments,67.17,4,1.31,1.5,1,3.1,20,1,Normal,Good
OLE-0783,OLE,27-02-2022,27-02-2022,Actual,Cyber-Fraud,E-Banking,23.09,1,0.92,1.27,1,3.3,18,2,Normal,Good
ALE-0570,ALE,Synth-2022,Null,Synthetic,Cyber-Fraud,Retail Banking,123.25,2,2.45,2.44,1.74,2.7,24,1,Normal,Good
ALE-1065,ALE,Synth-2022,Null,Synthetic,Data Breach,ATM Network,102.73,3,1.34,2.93,3.61,2.9,17,1,Normal,Good
ALE-1099,ALE,Synth-2022,Null,Synthetic,Data Breach,Payments,22.17,5,2.07,2.27,2.08,3.8,26,2,Normal,Good
ALE-0674,ALE,Synth-2022,Null,Synthetic,Tech Failure,E-Banking,267.38,1,1.44,1.84,1.45,3.8,20,2,Normal,Good
OLE-0789,OLE,12-04-2023,12-04-2023,Actual,Cyber-Fraud,ATM Network,23.27,3,1.08,1.47,1,3.6,15,0,Normal,Good
ALE-0012,ALE,Synth-2022,Null,Synthetic,Data Breach,Payments,186.68,3,2.25,2.1,1.98,3.5,22,0,Normal,Good
ALE-0721,ALE,Synth-2022,Null,Synthetic,Phishing,Retail Banking,156.89,5,1.26,2.24,2.46,3.9,22,0,Normal,Good
ALE-0549,ALE,Synth-2022,Null,Synthetic,System Failure,ATM Network,146.06,2,1.08,1.92,1.66,3.4,21,1,Normal,Good
ALE-0083,ALE,Synth-2022,Null,Synthetic,Cyber-Fraud,ATM Network,192.37,2,2.14,3.09,3.09,2.9,24,0,Normal,Good
OLE-0708,OLE,23-06-2022,23-06-2022,Actual,Cyber-Fraud,ATM Network,83.91,3,0.74,0.6,1,3.6,16,1,Normal,Good
OLE-0530,OLE,07-03-2022,07-03-2022,Actual,Data Breach,Retail Banking,16.51,4,1.27,1.24,1,3.3,14,2,Normal,Good
ALE-0571,ALE,Synth-2022,Null,Synthetic,Phishing,Payments,10,5,1.62,1.45,1.49,2.9,27,1,Normal,Good
ALE-0394,ALE,Synth-2022,Null,Synthetic,Cyber-Fraud,Payments,122.67,4,0.89,2.19,2.62,2.6,23,0,Normal,Good
ALE-0684,ALE,Synth-2022,Null,Synthetic,Cyber-Fraud,ATM Network,256.03,1,2.75,1.83,2.04,2.7,23,0,Normal,Good
ALE-0073,ALE,Synth-2022,Null,Synthetic,System Failure,E-Banking,177.03,3,2.65,2.95,3.21,3.8,29,0,Normal,Good
ALE-0176,ALE,Synth-2022,Null,Synthetic,Phishing,Payments,159.24,4,2.8,3.46,3.69,2.7,22,0,Normal,Good
ALE-0197,ALE,Synth-2022,Null,Synthetic,System Failure,E-Banking,72.83,2,2.53,2.26,1.55,3.2,16,0,Normal,Good
ALE-1128,ALE,Synth-2022,Null,Synthetic,Phishing,Retail Banking,302.34,2,2.05,2.59,2.45,2.6,24,1,Normal,Good
ALE-1197,ALE,Synth-2022,Null,Synthetic,System Failure,ATM Network,82.41,4,2.24,2.6,2.01,3.5,16,2,Normal,Good
ALE-0717,ALE,Synth-2022,Null,Synthetic,Cyber-Fraud,Payments,194.7,2,0.97,2.29,1.68,3.7,25,1,Normal,Good
ALE-0318,ALE,Synth-2022,Null,Synthetic,Tech Failure,Online Services,155.88,3,2.84,2.13,1.5,3.1,23,0,Normal,Good
OLE-0355,OLE,20-02-2022,20-02-2022,Actual,Cyber-Fraud,E-Banking,62.89,5,0.86,1.26,1,2.7,15,1,Normal,Good
OLE-0813,OLE,23-12-2022,23-12-2022,Actual,Data Breach,ATM Network,68.01,2,1.19,0.94,1,3.7,14,0,Normal,Good
ALE-0416,ALE,Synth-2022,Null,Synthetic,Cyber-Fraud,Retail Banking,126,1,1.24,1.38,1,2.6,18,2,Normal,Good
OLE-0064,OLE,28-04-2023,28-04-2023,Actual,Data Breach,Retail Banking,24.11,5,0.46,0.6,1,3.5,22,0,Normal,Good
ALE-0756,ALE,Synth-2022,Null,Synthetic,Phishing,Retail Banking,23.97,3,2.07,2.78,3.14,2.7,17,2,Normal,Good
OLE-0484,OLE,17-11-2022,17-11-2022,Actual,Data Breach,ATM Network,22.48,1,1.09,0.7,1,3,15,2,Normal,Good
ALE-1090,ALE,Synth-2022,Null,Synthetic,Tech Failure,Online Services,173.12,4,1.78,2.03,2.5,3.3,26,0,Normal,Good
ALE-0568,ALE,Synth-2022,Null,Synthetic,Data Breach,Payments,241.23,4,0.99,1.42,1.44,3.4,26,2,Normal,Good
ALE-0801,ALE,Synth-2022,Null,Synthetic,System Failure,Retail Banking,177.81,5,2.79,3.29,2.55,3.9,17,1,Normal,Good
ALE-0433,ALE,Synth-2022,Null,Synthetic,Phishing,Online Services,262.16,2,2.81,2.43,1.86,2.7,16,2,Normal,Good
ALE-1020,ALE,Synth-2022,Null,Synthetic,Cyber-Fraud,Retail Banking,50.86,2,0.89,2.18,2.46,3.1,16,2,Normal,Good
ALE-0226,ALE,Synth-2022,Null,Synthetic,Data Breach,Online Services,171.36,4,2.28,3.05,2.42,3.1,20,2,Normal,Good
OLE-0618,OLE,31-08-2023,31-08-2023,Actual,Data Breach,Retail Banking,35.55,4,0.42,0.56,1,2.7,17,0,Normal,Good
ALE-0885,ALE,Synth-2022,Null,Synthetic,System Failure,Retail Banking,189.25,2,2.25,1.32,1.15,2.9,16,1,Normal,Good
OLE-0694,OLE,07-12-2022,07-12-2022,Actual,Cyber-Fraud,Payments,43.84,3,0.84,0.85,1,2.8,21,1,Normal,Good
ALE-0057,ALE,Synth-2022,Null,Synthetic,Cyber-Fraud,ATM Network,123.32,1,1.34,2.42,2.13,3.6,28,2,Normal,Good
ALE-0970,ALE,Synth-2022,Null,Synthetic,Tech Failure,Online Services,144.05,4,1.74,3.18,3.51,2.9,25,0,Normal,Good
OLE-0858,OLE,04-09-2022,04-09-2022,Actual,Data Breach,E-Banking,87.49,3,1.41,1.15,1,3.1,17,2,Normal,Good
ALE-1096,ALE,Synth-2022,Null,Synthetic,Tech Failure,Payments,125.05,1,2.7,1.69,1.57,3,19,0,Normal,Good
ALE-0763,ALE,Synth-2022,Null,Synthetic,Tech Failure,ATM Network,254.8,3,1.13,1.72,1.52,3.1,17,0,Normal,Good
ALE-0280,ALE,Synth-2022,Null,Synthetic,Phishing,E-Banking,224.14,4,0.99,3.26,3.04,3,29,0,Normal,Good
OLE-0024,OLE,24-04-2022,24-04-2022,Actual,Cyber-Fraud,ATM Network,5,5,1.29,0.93,1,3.8,18,2,Normal,Good
ALE-0925,ALE,Synth-2022,Null,Synthetic,System Failure,ATM Network,202.08,5,2.44,3.48,2.32,3.3,15,0,Normal,Good
OLE-0535,OLE,19-12-2022,19-12-2022,Actual,Cyber-Fraud,Payments,39.75,3,1.37,0.7,1,2.9,15,1,Normal,Good
OLE-0199,OLE,14-05-2022,14-05-2022,Actual,Tech Failure,Payments,49.89,4,1.34,0.98,1,2.7,16,0,Normal,Good
OLE-0050,OLE,26-06-2023,26-06-2023,Actual,Tech Failure,E-Banking,79.76,4,0.99,1.43,1,3.4,19,0,Normal,Good
OLE-0174,OLE,24-11-2023,24-11-2023,Actual,System Failure,ATM Network,48.53,2,1.43,0.65,1,3.2,17,1,Normal,Good
OLE-0839,OLE,08-06-2022,08-06-2022,Actual,Tech Failure,ATM Network,39.54,1,0.61,1.5,1,2.8,14,0,Normal,Good
OLE-0433,OLE,15-04-2022,15-04-2022,Actual,Tech Failure,ATM Network,50.75,5,1.45,1.07,1,3.3,19,2,Normal,Good
ALE-0032,ALE,Synth-2022,Null,Synthetic,Data Breach,Retail Banking,179.86,4,0.9,2.64,2.13,3.8,28,0,Normal,Good
ALE-0214,ALE,Synth-2022,Null,Synthetic,Data Breach,Retail Banking,231.36,3,2.66,1.67,1.27,3.5,22,0,Normal,Good
ALE-0401,ALE,Synth-2022,Null,Synthetic,Data Breach,E-Banking,265.43,2,1.7,3.26,3.57,4,19,1,Normal,Good
ALE-0085,ALE,Synth-2022,Null,Synthetic,Data Breach,Online Services,201.29,2,2,2.67,2.72,2.6,17,0,Normal,Good
OLE-0472,OLE,08-08-2023,08-08-2023,Actual,Cyber-Fraud,Retail Banking,43.44,3,1.13,1.23,1,2.6,24,1,Normal,Good
OLE-0072,OLE,21-05-2023,21-05-2023,Actual,Data Breach,Retail Banking,24.56,2,0.31,0.76,1,2.9,22,0,Normal,Good
ALE-1262,ALE,Synth-2022,Null,Synthetic,System Failure,Retail Banking,271.11,2,1.59,3.09,2.91,3.8,24,1,Normal,Good
ALE-1015,ALE,Synth-2022,Null,Synthetic,Data Breach,ATM Network,140.14,3,1.99,2.85,2.98,2.7,21,2,Normal,Good
OLE-0423,OLE,19-09-2023,19-09-2023,Actual,Cyber-Fraud,Retail Banking,41.41,2,0.79,0.63,1,2.5,23,0,Normal,Good
OLE-0820,OLE,17-05-2023,17-05-2023,Actual,Data Breach,E-Banking,62.52,4,0.6,0.56,1,2.7,21,0,Normal,Good
OLE-0459,OLE,19-05-2022,19-05-2022,Actual,Tech Failure,ATM Network,5,5,0.31,1.4,1,2.7,19,1,Normal,Good
ALE-0928,ALE,Synth-2022,Null,Synthetic,System Failure,E-Banking,178.1,5,2.86,3.28,2.78,3.4,24,2,Normal,Good
OLE-0808,OLE,09-02-2022,09-02-2022,Actual,Tech Failure,E-Banking,82.36,3,0.76,1.35,1,3.6,24,0,Normal,Good
ALE-0276,ALE,Synth-2022,Null,Synthetic,Cyber-Fraud,Retail Banking,173.5,5,2.18,2.47,1.66,3.6,22,1,Normal,Good
ALE-0723,ALE,Synth-2022,Null,Synthetic,Tech Failure,E-Banking,29.23,2,0.97,2.1,2.31,3.1,15,2,Normal,Good
ALE-0655,ALE,Synth-2022,Null,Synthetic,Cyber-Fraud,Online Services,116.36,5,2.76,3.3,3.47,2.6,20,2,Normal,Good
ALE-1179,ALE,Synth-2022,Null,Synthetic,Cyber-Fraud,E-Banking,44.83,2,2.71,1.25,0.98,3.3,26,0,Normal,Good
ALE-0385,ALE,Synth-2022,Null,Synthetic,Cyber-Fraud,ATM Network,149.99,2,1.28,2.69,2.46,2.7,16,0,Normal,Good
ALE-0141,ALE,Synth-2022,Null,Synthetic,Phishing,Retail Banking,249.94,4,1.5,1.92,1.54,2.7,19,2,Normal,Good
OLE-0257,OLE,27-05-2023,27-05-2023,Actual,System Failure,E-Banking,16.5,2,0.55,0.88,1,4,17,1,Normal,Good
ALE-0620,ALE,Synth-2022,Null,Synthetic,System Failure,Payments,226.81,1,2.29,1.4,1.1,3.4,17,1,Normal,Good
ALE-1136,ALE,Synth-2022,Null,Synthetic,Phishing,E-Banking,204.51,1,1.62,2.91,2.55,3.1,15,0,Normal,Good
ALE-1266,ALE,Synth-2022,Null,Synthetic,Data Breach,Online Services,136.36,5,2.06,3.2,2.56,3.9,24,2,Normal,Good
OLE-0479,OLE,12-06-2023,12-06-2023,Actual,Cyber-Fraud,Payments,86.62,4,1.18,0.87,1,3.3,17,0,Normal,Good
OLE-0562,OLE,24-09-2022,24-09-2022,Actual,System Failure,Retail Banking,71.68,4,0.44,0.83,1,3.7,18,2,Normal,Good
ALE-0366,ALE,Synth-2022,Null,Synthetic,Data Breach,E-Banking,35.58,1,0.91,2.07,2,3.6,15,1,Normal,Good
OLE-0021,OLE,02-09-2022,02-09-2022,Actual,System Failure,Retail Banking,55.09,2,1.21,1,1,3.3,21,1,Normal,Good
ALE-0392,ALE,Synth-2022,Null,Synthetic,Tech Failure,ATM Network,50.01,5,2.97,1.61,1.2,3,23,0,Normal,Good
ALE-0259,ALE,Synth-2022,Null,Synthetic,Phishing,Online Services,205,4,1.57,3.07,3,2.7,27,2,Normal,Good
OLE-0382,OLE,01-08-2023,01-08-2023,Actual,System Failure,Retail Banking,72.72,5,1.04,0.75,1,3.4,19,1,Normal,Good
ALE-0372,ALE,Synth-2022,Null,Synthetic,Phishing,ATM Network,115.87,5,2.31,3.36,2.57,2.8,19,1,Normal,Good
OLE-0765,OLE,18-11-2022,18-11-2022,Actual,Tech Failure,Payments,5,5,0.34,1.12,1,3.3,14,0,Normal,Good
ALE-0161,ALE,Synth-2022,Null,Synthetic,Data Breach,Online Services,111.61,2,1.09,2.85,3.36,3,23,1,Normal,Good
ALE-1224,ALE,Synth-2022,Null,Synthetic,Phishing,Retail Banking,200.95,2,2.41,2.1,1.61,3,25,1,Normal,Good
ALE-0782,ALE,Synth-2022,Null,Synthetic,Phishing,Payments,110.93,3,0.96,2.66,2.08,3.3,27,2,Normal,Good
ALE-0435,ALE,Synth-2022,Null,Synthetic,Tech Failure,E-Banking,43.84,3,1.4,1.67,1.51,2.6,15,1,Normal,Good
ALE-0555,ALE,Synth-2022,Null,Synthetic,Tech Failure,Retail Banking,54.75,2,2.81,3.38,2.45,3,24,2,Normal,Good
OLE-0680,OLE,08-09-2022,08-09-2022,Actual,Data Breach,ATM Network,27.96,4,0.67,1.26,1,3.9,23,2,Normal,Good
ALE-0036,ALE,Synth-2022,Null,Synthetic,Phishing,E-Banking,234.32,5,1.86,3.24,3.04,3.6,17,1,Normal,Good
ALE-1163,ALE,Synth-2022,Null,Synthetic,System Failure,Retail Banking,89.64,4,0.81,2.86,2.07,3.1,22,1,Normal,Good
ALE-1152,ALE,Synth-2022,Null,Synthetic,Phishing,Retail Banking,110.3,4,1.14,1.37,1.04,3.7,20,1,Normal,Good
OLE-0428,OLE,08-03-2022,08-03-2022,Actual,System Failure,ATM Network,41.61,1,1.31,1.11,1,3.4,20,0,Normal,Good
OLE-0375,OLE,13-09-2022,13-09-2022,Actual,Tech Failure,Payments,5,1,0.35,0.72,1,2.5,24,1,Normal,Good
OLE-0271,OLE,19-02-2023,19-02-2023,Actual,System Failure,ATM Network,11.23,4,0.54,1.15,1,3.7,17,2,Normal,Good
ALE-0642,ALE,Synth-2022,Null,Synthetic,Phishing,Payments,164.76,4,1.04,1.99,1.64,2.8,29,0,Normal,Good
ALE-1247,ALE,Synth-2022,Null,Synthetic,Cyber-Fraud,ATM Network,125.01,2,2,1.75,1.37,3.2,28,0,Normal,Good
ALE-0246,ALE,Synth-2022,Null,Synthetic,Cyber-Fraud,ATM Network,171.82,2,2.09,1.93,2.24,2.8,16,0,Normal,Good
ALE-0984,ALE,Synth-2022,Null,Synthetic,System Failure,ATM Network,90.02,1,1.44,2.14,1.83,2.7,23,1,Normal,Good
OLE-0446,OLE,06-10-2022,06-10-2022,Actual,Data Breach,ATM Network,114.92,5,0.33,0.82,1,2.6,22,0,Normal,Good
OLE-0549,OLE,30-05-2023,30-05-2023,Actual,Data Breach,Retail Banking,8.29,4,1.4,0.83,1,3.1,14,0,Normal,Good
OLE-0026,OLE,15-08-2023,15-08-2023,Actual,Data Breach,ATM Network,48.12,4,1.1,1.43,1,3.3,21,1,Normal,Good
ALE-0576,ALE,Synth-2022,Null,Synthetic,Data Breach,E-Banking,159.59,1,2.42,2.28,2.41,3.3,22,1,Normal,Good
OLE-0631,OLE,22-09-2023,22-09-2023,Actual,System Failure,ATM Network,5.48,2,0.44,0.57,1,3.2,14,2,Normal,Good
OLE-0079,OLE,10-08-2023,10-08-2023,Actual,Data Breach,ATM Network,101.9,2,0.46,1.23,1,3.7,16,2,Normal,Good
OLE-0367,OLE,05-10-2022,05-10-2022,Actual,Data Breach,Payments,25.59,3,0.67,0.84,1,2.6,24,0,Normal,Good
ALE-1137,ALE,Synth-2022,Null,Synthetic,System Failure,ATM Network,185.01,5,1.77,2.42,2.17,3.2,16,2,Normal,Good
OLE-0033,OLE,18-04-2022,18-04-2022,Actual,System Failure,E-Banking,29.8,4,0.48,0.92,1,2.7,14,2,Normal,Good
ALE-0190,ALE,Synth-2022,Null,Synthetic,Phishing,E-Banking,160.82,3,1.52,2.55,1.83,3.2,24,1,Normal,Good
ALE-1008,ALE,Synth-2022,Null,Synthetic,Data Breach,ATM Network,194.22,2,1.58,1.79,1.81,3.1,27,0,Normal,Good
ALE-1259,ALE,Synth-2022,Null,Synthetic,System Failure,Payments,239.81,2,1.66,1.45,1.02,2.6,28,0,Normal,Good
ALE-1108,ALE,Synth-2022,Null,Synthetic,Data Breach,Payments,185.03,4,3,1.31,1.18,3.2,27,1,Normal,Good
ALE-0136,ALE,Synth-2022,Null,Synthetic,System Failure,E-Banking,159.69,3,2.88,2.31,1.93,3.7,25,2,Normal,Good
ALE-1022,ALE,Synth-2022,Null,Synthetic,Tech Failure,Online Services,149.66,2,1.76,2.98,2.29,2.7,18,1,Normal,Good
OLE-0545,OLE,04-02-2023,04-02-2023,Actual,Tech Failure,Payments,88.88,2,0.68,0.56,1,3.4,24,0,Normal,Good
OLE-0164,OLE,31-07-2023,31-07-2023,Actual,System Failure,ATM Network,52.93,2,0.68,0.65,1,3.2,23,0,Normal,Good
OLE-0204,OLE,23-04-2023,23-04-2023,Actual,Cyber-Fraud,Retail Banking,8.94,3,1.1,1.32,1,3.7,18,2,Normal,Good
ALE-0600,ALE,Synth-2022,Null,Synthetic,Tech Failure,Retail Banking,130.7,4,2.77,2.75,2.92,3.9,28,2,Normal,Good
ALE-0059,ALE,Synth-2022,Null,Synthetic,System Failure,Payments,152.21,1,1.93,1.82,1.63,3.2,25,2,Normal,Good
ALE-0590,ALE,Synth-2022,Null,Synthetic,Phishing,Online Services,155.27,4,1.38,3.12,3.03,3.2,29,1,Normal,Good
ALE-0787,ALE,Synth-2022,Null,Synthetic,Data Breach,E-Banking,178.59,2,2.04,2.86,2.61,2.6,29,0,Normal,Good
OLE-0306,OLE,05-11-2023,05-11-2023,Actual,Data Breach,E-Banking,104.59,3,1.11,1.12,1,3.6,20,0,Normal,Good
ALE-0122,ALE,Synth-2022,Null,Synthetic,Data Breach,Retail Banking,217.2,4,2.13,3.35,3.55,2.7,20,2,Normal,Good
OLE-0565,OLE,14-06-2022,14-06-2022,Actual,Tech Failure,Retail Banking,115.52,5,0.64,1.02,1,3.6,22,2,Normal,Good
ALE-1271,ALE,Synth-2022,Null,Synthetic,Phishing,E-Banking,66.91,4,1.91,2.41,1.69,3.1,27,1,Normal,Good
OLE-0193,OLE,12-04-2022,12-04-2022,Actual,Tech Failure,E-Banking,71.2,1,0.38,1.34,1,2.5,18,0,Normal,Good
ALE-0741,ALE,Synth-2022,Null,Synthetic,System Failure,Online Services,100.62,3,2.75,2.13,1.72,3.8,24,2,Normal,Good
OLE-0753,OLE,17-08-2023,17-08-2023,Actual,Data Breach,E-Banking,71.74,1,1.21,1.11,1,2.8,23,0,Normal,Good
ALE-0143,ALE,Synth-2022,Null,Synthetic,Cyber-Fraud,Retail Banking,76.26,5,2.09,2.03,1.79,3,24,1,Normal,Good
OLE-0742,OLE,12-10-2023,12-10-2023,Actual,Tech Failure,Retail Banking,26.42,5,1.37,0.56,1,3.2,22,2,Normal,Good
ALE-0729,ALE,Synth-2022,Null,Synthetic,System Failure,Online Services,210.59,3,1.49,3.02,3.39,3.6,22,0,Normal,Good
OLE-0572,OLE,26-09-2023,26-09-2023,Actual,System Failure,ATM Network,5,2,0.63,1.06,1,3,20,2,Normal,Good
ALE-0700,ALE,Synth-2022,Null,Synthetic,Data Breach,Retail Banking,19.54,2,0.88,3.45,4.3,3.8,21,1,Normal,Good
OLE-0219,OLE,02-06-2022,02-06-2022,Actual,Data Breach,Retail Banking,115.63,5,0.85,1.06,1,3.8,21,0,Normal,Good
OLE-0611,OLE,08-03-2023,08-03-2023,Actual,Cyber-Fraud,ATM Network,40.82,5,1.43,0.56,1,3.9,17,1,Normal,Good
ALE-1254,ALE,Synth-2022,Null,Synthetic,Phishing,ATM Network,196.14,4,2.86,1.22,1.02,3.6,19,2,Normal,Good
OLE-0352,OLE,12-03-2023,12-03-2023,Actual,Data Breach,ATM Network,98.85,4,0.6,0.76,1,2.5,23,1,Normal,Good
ALE-1013,ALE,Synth-2022,Null,Synthetic,Data Breach,E-Banking,123.37,4,0.89,2.93,2.67,4,24,2,Normal,Good
ALE-0211,ALE,Synth-2022,Null,Synthetic,System Failure,Payments,126.42,3,2.27,1.37,1.04,2.6,26,0,Normal,Good
ALE-1075,ALE,Synth-2022,Null,Synthetic,Cyber-Fraud,Online Services,27.24,2,2.58,3.42,2.75,3.7,22,0,Normal,Good
ALE-0430,ALE,Synth-2022,Null,Synthetic,Data Breach,E-Banking,17.77,1,2.49,3.19,2.74,4,15,2,Normal,Good
ALE-0954,ALE,Synth-2022,Null,Synthetic,Cyber-Fraud,Retail Banking,65.06,4,1.34,3.44,3.19,3.4,22,1,Normal,Good
ALE-0463,ALE,Synth-2022,Null,Synthetic,System Failure,Payments,182.17,3,2.95,1.4,0.97,3.2,18,0,Normal,Good
OLE-0060,OLE,21-08-2022,21-08-2022,Actual,System Failure,Payments,46.95,2,0.53,1.12,1,3,23,1,Normal,Good
OLE-0412,OLE,29-03-2022,29-03-2022,Actual,Cyber-Fraud,Payments,44.91,5,0.71,1.3,1,2.9,19,0,Normal,Good
OLE-0782,OLE,03-01-2022,03-01-2022,Actual,System Failure,E-Banking,75.28,5,1.44,1.27,1,2.9,23,1,Normal,Good
OLE-0496,OLE,04-05-2022,04-05-2022,Actual,System Failure,Payments,85.48,5,0.98,1.16,1,3.5,17,1,Normal,Good
OLE-0830,OLE,25-02-2022,25-02-2022,Actual,System Failure,Payments,91.14,1,0.51,1.39,1,3.2,14,1,Normal,Good
OLE-0074,OLE,08-02-2023,08-02-2023,Actual,Cyber-Fraud,Payments,67.23,5,1,1.25,1,3.7,15,2,Normal,Good
ALE-0460,ALE,Synth-2022,Null,Synthetic,System Failure,E-Banking,38.66,1,0.84,2.81,2.88,2.6,24,1,Normal,Good
OLE-0635,OLE,13-06-2022,13-06-2022,Actual,Data Breach,Retail Banking,51.33,5,1.33,1.34,1,3,14,0,Normal,Good
ALE-0947,ALE,Synth-2022,Null,Synthetic,Tech Failure,Payments,147.24,5,2.36,2.09,1.78,3.8,17,0,Normal,Good
ALE-0544,ALE,Synth-2022,Null,Synthetic,Tech Failure,Payments,288.85,3,2.13,3.38,3.26,2.7,15,1,Normal,Good
OLE-0163,OLE,26-11-2023,26-11-2023,Actual,Tech Failure,Payments,16.56,2,0.35,0.53,1,3.1,23,2,Normal,Good
ALE-0526,ALE,Synth-2022,Null,Synthetic,Phishing,Payments,65.83,1,1.19,2.66,2.52,3.8,26,2,Normal,Good
OLE-0597,OLE,26-04-2023,26-04-2023,Actual,Data Breach,ATM Network,36.36,3,0.37,1.08,1,3.8,20,1,Normal,Good
OLE-0448,OLE,23-08-2023,23-08-2023,Actual,Cyber-Fraud,ATM Network,86.9,1,0.6,0.62,1,3.4,22,1,Normal,Good
ALE-0557,ALE,Synth-2022,Null,Synthetic,Cyber-Fraud,E-Banking,271.28,2,2.68,1.92,1.65,3.2,29,2,Normal,Good
OLE-0354,OLE,01-03-2022,01-03-2022,Actual,Data Breach,Retail Banking,34.02,2,1.44,1.44,1,3.4,24,1,Normal,Good
ALE-0402,ALE,Synth-2022,Null,Synthetic,Data Breach,ATM Network,165.59,5,2.76,1.76,1.34,3.7,17,2,Normal,Good
ALE-0084,ALE,Synth-2022,Null,Synthetic,Tech Failure,ATM Network,149.44,3,1.51,2.86,2.27,3.9,16,1,Normal,Good
ALE-1242,ALE,Synth-2022,Null,Synthetic,Tech Failure,Online Services,41.27,2,2.85,2.94,2.17,2.7,20,2,Normal,Good
ALE-0629,ALE,Synth-2022,Null,Synthetic,Data Breach,Retail Banking,162.18,2,1.2,2.6,1.99,3,26,0,Normal,Good
ALE-0998,ALE,Synth-2022,Null,Synthetic,Cyber-Fraud,Retail Banking,175.68,2,1.06,2.05,2.26,2.9,22,2,Normal,Good
ALE-0899,ALE,Synth-2022,Null,Synthetic,Data Breach,E-Banking,175.21,5,1.28,3.12,2.43,3.8,19,1,Normal,Good
OLE-0046,OLE,14-06-2023,14-06-2023,Actual,Cyber-Fraud,ATM Network,14.77,4,0.64,1.44,1,3.8,19,2,Normal,Good
ALE-0764,ALE,Synth-2022,Null,Synthetic,System Failure,Online Services,174.31,3,2.48,3.48,2.59,2.9,20,1,Normal,Good
OLE-0810,OLE,20-07-2023,20-07-2023,Actual,Tech Failure,Payments,5,4,0.94,1.44,1,3,20,2,Normal,Good
ALE-0365,ALE,Synth-2022,Null,Synthetic,Data Breach,Retail Banking,236.56,2,2.66,2.33,2.29,3.8,21,1,Normal,Good
OLE-0295,OLE,11-06-2022,11-06-2022,Actual,Data Breach,Payments,75.75,2,0.91,0.92,1,2.5,14,2,Normal,Good
ALE-0798,ALE,Synth-2022,Null,Synthetic,Tech Failure,E-Banking,154.86,3,1.87,1.8,1.36,3.6,16,2,Normal,Good
ALE-0196,ALE,Synth-2022,Null,Synthetic,Data Breach,E-Banking,198.92,5,0.94,3.1,3.49,3.9,18,2,Normal,Good
OLE-0077,OLE,24-03-2022,24-03-2022,Actual,System Failure,E-Banking,75.81,1,0.61,1.04,1,3.5,18,1,Normal,Good
OLE-0206,OLE,15-09-2022,15-09-2022,Actual,Tech Failure,Retail Banking,15.99,4,1.01,0.51,1,3.2,17,1,Normal,Good
ALE-0751,ALE,Synth-2022,Null,Synthetic,Cyber-Fraud,Online Services,174.74,1,1.42,3.13,3.75,3.1,19,0,Normal,Good
ALE-1131,ALE,Synth-2022,Null,Synthetic,System Failure,Payments,67.22,2,1.87,2.28,2.32,3.9,20,0,Normal,Good
ALE-0274,ALE,Synth-2022,Null,Synthetic,Phishing,E-Banking,213.62,2,1.18,3.15,3.12,3.4,29,0,Normal,Good
OLE-0415,OLE,20-08-2022,20-08-2022,Actual,Data Breach,ATM Network,26.59,2,0.34,1.49,1,2.5,22,1,Normal,Good
ALE-0866,ALE,Synth-2022,Null,Synthetic,Tech Failure,Online Services,144.11,3,1.47,2.04,1.89,3.7,15,0,Normal,Good
ALE-0228,ALE,Synth-2022,Null,Synthetic,Cyber-Fraud,E-Banking,32.96,2,2.3,1.35,1.11,3.7,27,0,Normal,Good
OLE-0437,OLE,25-09-2022,25-09-2022,Actual,Cyber-Fraud,Payments,42.17,1,0.78,1.17,1,3.5,16,0,Normal,Good
ALE-0765,ALE,Synth-2022,Null,Synthetic,Phishing,Payments,115.85,4,2.46,2.24,2.36,2.8,29,1,Normal,Good
ALE-0909,ALE,Synth-2022,Null,Synthetic,Tech Failure,Payments,133.54,1,1.78,2.84,2.67,3.9,16,0,Normal,Good
OLE-0394,OLE,26-01-2023,26-01-2023,Actual,Cyber-Fraud,E-Banking,31.06,2,0.68,0.79,1,2.6,19,1,Normal,Good
OLE-0722,OLE,25-02-2022,25-02-2022,Actual,Tech Failure,E-Banking,46.33,5,0.58,1.21,1,3.8,14,1,Normal,Good
OLE-0031,OLE,17-10-2023,17-10-2023,Actual,Data Breach,ATM Network,89.76,2,0.51,0.86,1,3.9,21,0,Normal,Good
ALE-0426,ALE,Synth-2022,Null,Synthetic,Tech Failure,Payments,61.96,3,2.35,2.58,2.26,2.5,29,2,Normal,Good
OLE-0857,OLE,29-06-2023,29-06-2023,Actual,Cyber-Fraud,ATM Network,29.68,4,1.26,1.35,1,3.2,18,0,Normal,Good
ALE-0237,ALE,Synth-2022,Null,Synthetic,Phishing,Retail Banking,240.14,4,2.64,3.04,2.92,2.9,22,2,Normal,Good
ALE-0919,ALE,Synth-2022,Null,Synthetic,Data Breach,Retail Banking,238.11,3,2.59,3.39,3.53,2.9,20,2,Normal,Good
ALE-0794,ALE,Synth-2022,Null,Synthetic,Tech Failure,Payments,97.1,1,0.91,1.97,1.48,2.9,28,0,Normal,Good
OLE-0556,OLE,14-02-2023,14-02-2023,Actual,Cyber-Fraud,Payments,68.65,5,0.86,1.12,1,3.2,20,0,Normal,Good
OLE-0345,OLE,21-11-2022,21-11-2022,Actual,Data Breach,Payments,101.08,4,0.88,1.34,1,3,16,1,Normal,Good
ALE-0760,ALE,Synth-2022,Null,Synthetic,Tech Failure,Online Services,244.28,2,0.83,1.93,1.82,3.1,22,1,Normal,Good
OLE-0353,OLE,09-05-2023,09-05-2023,Actual,Tech Failure,Payments,45.58,1,0.48,0.96,1,3,14,1,Normal,Good
OLE-0092,OLE,09-08-2022,09-08-2022,Actual,System Failure,E-Banking,61.58,5,0.48,0.83,1,3.2,15,2,Normal,Good
ALE-1100,ALE,Synth-2022,Null,Synthetic,Data Breach,Retail Banking,229.05,4,2.88,3.32,2.6,3.2,26,0,Normal,Good
ALE-0752,ALE,Synth-2022,Null,Synthetic,Phishing,Payments,122.06,1,2.45,1.35,1.04,3.3,29,2,Normal,Good
ALE-0248,ALE,Synth-2022,Null,Synthetic,Cyber-Fraud,E-Banking,86.18,1,2.84,3.11,3.03,2.9,20,0,Normal,Good
OLE-0568,OLE,19-06-2023,19-06-2023,Actual,Tech Failure,E-Banking,55.8,4,0.37,0.67,1,3.6,18,1,Normal,Good
OLE-0262,OLE,17-04-2023,17-04-2023,Actual,Cyber-Fraud,Retail Banking,123.62,3,1.01,0.67,1,3.9,17,2,Normal,Good
ALE-0347,ALE,Synth-2022,Null,Synthetic,Tech Failure,Payments,115.65,1,2.26,3.5,3.56,3.4,18,1,Normal,Good
ALE-0868,ALE,Synth-2022,Null,Synthetic,Data Breach,ATM Network,99.84,3,2.18,3.13,3.46,3.8,24,2,Normal,Good
OLE-0539,OLE,14-08-2023,14-08-2023,Actual,Data Breach,Payments,77.05,3,1.44,0.64,1,3.6,14,2,Normal,Good
ALE-1048,ALE,Synth-2022,Null,Synthetic,Phishing,Payments,264.05,1,1.95,1.28,1.13,3.8,21,2,Normal,Good
ALE-0008,ALE,Synth-2022,Null,Synthetic,System Failure,Retail Banking,227.32,1,2,2.2,1.66,3.7,20,0,Normal,Good
ALE-0812,ALE,Synth-2022,Null,Synthetic,Data Breach,Online Services,109.03,4,1.76,2.49,2.96,3.5,19,1,Normal,Good
ALE-0905,ALE,Synth-2022,Null,Synthetic,System Failure,E-Banking,83.77,1,1.26,2.22,2.65,3,28,2,Normal,Good
ALE-0504,ALE,Synth-2022,Null,Synthetic,Phishing,Payments,202.87,3,1.45,2.01,1.4,3.9,22,1,Normal,Good
OLE-0301,OLE,23-07-2023,23-07-2023,Actual,Data Breach,Retail Banking,48.9,5,1.26,0.93,1,4,24,1,Normal,Good
OLE-0553,OLE,30-06-2023,30-06-2023,Actual,Cyber-Fraud,Payments,53.18,4,1.21,1.31,1,3,24,0,Normal,Good
ALE-0633,ALE,Synth-2022,Null,Synthetic,Data Breach,Online Services,202.29,4,1.93,3.22,3.07,2.7,20,0,Normal,Good
OLE-0316,OLE,16-09-2023,16-09-2023,Actual,System Failure,Retail Banking,43.88,3,0.92,1.24,1,3.2,19,1,Normal,Good
ALE-0692,ALE,Synth-2022,Null,Synthetic,Data Breach,E-Banking,109.37,5,2.54,2.16,2.5,3.2,20,2,Normal,Good
OLE-0454,OLE,16-09-2022,16-09-2022,Actual,Tech Failure,ATM Network,34.89,2,1.35,1.08,1,3,16,1,Normal,Good
OLE-0176,OLE,18-12-2022,18-12-2022,Actual,Cyber-Fraud,Payments,87.86,3,0.99,1.37,1,4,15,2,Normal,Good
OLE-0766,OLE,16-06-2023,16-06-2023,Actual,Data Breach,E-Banking,68.42,2,1.1,0.82,1,3.5,23,0,Normal,Good
ALE-0354,ALE,Synth-2022,Null,Synthetic,Tech Failure,Retail Banking,24.41,4,2.15,3.05,2.13,3.4,15,1,Normal,Good
ALE-0965,ALE,Synth-2022,Null,Synthetic,System Failure,Retail Banking,284.78,5,1.93,2.07,1.43,2.6,22,1,Normal,Good
OLE-0124,OLE,24-06-2022,24-06-2022,Actual,Cyber-Fraud,ATM Network,82.5,1,0.59,0.64,1,3,15,1,Normal,Good
OLE-0582,OLE,06-04-2022,06-04-2022,Actual,Data Breach,ATM Network,29.33,3,1.32,1.06,1,3.3,15,2,Normal,Good
OLE-0395,OLE,11-08-2023,11-08-2023,Actual,Tech Failure,Retail Banking,15.01,5,1.09,0.51,1,3.9,17,0,Normal,Good
ALE-0031,ALE,Synth-2022,Null,Synthetic,System Failure,E-Banking,195.92,1,2.97,2.89,2.15,3.5,19,2,Normal,Good
ALE-0091,ALE,Synth-2022,Null,Synthetic,Phishing,Payments,201.44,1,2.44,1.22,1.33,3.4,27,2,Normal,Good
OLE-0040,OLE,27-10-2023,27-10-2023,Actual,Tech Failure,Payments,56.16,2,1.49,1.16,1,3.3,15,2,Normal,Good
OLE-0463,OLE,29-09-2023,29-09-2023,Actual,System Failure,E-Banking,62.78,2,0.62,1,1,2.6,15,2,Normal,Good
OLE-0589,OLE,29-06-2023,29-06-2023,Actual,Cyber-Fraud,Retail Banking,89.34,1,0.4,1.04,1,3.9,19,2,Normal,Good
OLE-0637,OLE,11-03-2022,11-03-2022,Actual,Tech Failure,Payments,45.05,3,1.27,0.79,1,3.2,21,0,Normal,Good
OLE-0332,OLE,01-12-2023,01-12-2023,Actual,Cyber-Fraud,ATM Network,43.87,2,0.4,1.11,1,3.8,24,2,Normal,Good
OLE-0195,OLE,14-05-2022,14-05-2022,Actual,System Failure,Payments,56.23,2,1.37,0.93,1,3.9,21,2,Normal,Good
ALE-1180,ALE,Synth-2022,Null,Synthetic,Tech Failure,E-Banking,150.3,4,1.45,3.1,2.49,3.8,16,0,Normal,Good
OLE-0323,OLE,24-10-2022,24-10-2022,Actual,Tech Failure,Payments,57.01,3,1.34,0.88,1,3.1,18,2,Normal,Good
OLE-0267,OLE,08-05-2022,08-05-2022,Actual,Tech Failure,Payments,34.9,1,0.32,1.08,1,2.9,17,2,Normal,Good
ALE-0803,ALE,Synth-2022,Null,Synthetic,System Failure,E-Banking,109.55,4,2.05,2.89,1.97,2.6,25,2,Normal,Good
ALE-0264,ALE,Synth-2022,Null,Synthetic,Cyber-Fraud,Online Services,36.85,1,2.36,2.55,2.43,3.4,17,2,Normal,Good
OLE-0687,OLE,16-11-2022,16-11-2022,Actual,Data Breach,Retail Banking,34.8,2,0.63,1.32,1,3.1,22,1,Normal,Good
ALE-0688,ALE,Synth-2022,Null,Synthetic,Cyber-Fraud,Retail Banking,177.5,4,2.41,1.72,1.97,3.1,27,0,Normal,Good
ALE-0748,ALE,Synth-2022,Null,Synthetic,System Failure,Payments,188.76,1,2.7,1.35,1.08,2.7,19,0,Normal,Good
ALE-0180,ALE,Synth-2022,Null,Synthetic,Tech Failure,Payments,117.29,2,1.04,2.13,1.59,3.2,15,2,Normal,Good
OLE-0696,OLE,15-02-2023,15-02-2023,Actual,Data Breach,E-Banking,34.63,2,1.2,1.25,1,2.7,18,2,Normal,Good
ALE-1160,ALE,Synth-2022,Null,Synthetic,System Failure,E-Banking,187.56,1,1.87,2.74,2.59,2.8,17,1,Normal,Good
ALE-0325,ALE,Synth-2022,Null,Synthetic,System Failure,ATM Network,49.88,4,0.98,2.16,1.48,3.6,23,1,Normal,Good
ALE-1214,ALE,Synth-2022,Null,Synthetic,Phishing,ATM Network,165.49,3,1.82,3.36,3.49,2.6,26,1,Normal,Good
ALE-0694,ALE,Synth-2022,Null,Synthetic,Tech Failure,E-Banking,119.65,2,2.3,1.25,1.42,3.8,17,1,Normal,Good
ALE-0878,ALE,Synth-2022,Null,Synthetic,Phishing,Online Services,49.4,3,1.99,2.79,2.55,3.8,25,0,Normal,Good
ALE-0932,ALE,Synth-2022,Null,Synthetic,Tech Failure,E-Banking,29.76,1,1.2,1.24,1.31,3.3,26,1,Normal,Good
OLE-0811,OLE,10-04-2022,10-04-2022,Actual,Cyber-Fraud,Payments,26.77,1,0.42,1.23,1,2.8,23,2,Normal,Good
OLE-0681,OLE,01-11-2022,01-11-2022,Actual,Cyber-Fraud,ATM Network,53.97,1,1.05,0.97,1,3.8,22,0,Normal,Good
ALE-1143,ALE,Synth-2022,Null,Synthetic,System Failure,ATM Network,10,5,1.87,2.12,1.56,3.6,17,0,Normal,Good
ALE-0736,ALE,Synth-2022,Null,Synthetic,Data Breach,ATM Network,179.39,1,2.23,1.69,1.59,2.5,15,1,Normal,Good
ALE-1287,ALE,Synth-2022,Null,Synthetic,Cyber-Fraud,Retail Banking,143.85,5,2.92,3.17,3.76,3.5,19,1,Normal,Good
ALE-0715,ALE,Synth-2022,Null,Synthetic,Cyber-Fraud,Retail Banking,87.69,2,2.95,3.03,3,3.8,18,1,Normal,Good
ALE-0754,ALE,Synth-2022,Null,Synthetic,Phishing,Retail Banking,166.56,2,2.91,1.48,1.12,2.7,27,2,Normal,Good
ALE-0547,ALE,Synth-2022,Null,Synthetic,Cyber-Fraud,Online Services,135.36,4,1.93,2.8,3.34,2.9,16,0,Normal,Good
ALE-0375,ALE,Synth-2022,Null,Synthetic,Tech Failure,Online Services,82.68,3,2.82,2.59,1.9,3.7,22,0,Normal,Good
ALE-0837,ALE,Synth-2022,Null,Synthetic,Phishing,E-Banking,189.6,2,1.18,1.35,1.22,3.8,29,1,Normal,Good
OLE-0366,OLE,10-06-2023,10-06-2023,Actual,System Failure,E-Banking,84.41,1,0.64,1.46,1,2.5,14,0,Normal,Good
ALE-1103,ALE,Synth-2022,Null,Synthetic,Data Breach,Retail Banking,75.36,2,2,2.9,2.37,3.1,29,0,Normal,Good
ALE-0703,ALE,Synth-2022,Null,Synthetic,Cyber-Fraud,ATM Network,190.26,3,2.8,3.31,3.21,3.6,29,0,Normal,Good
OLE-0747,OLE,16-12-2023,16-12-2023,Actual,Tech Failure,ATM Network,51.61,2,0.41,1.45,1,2.9,15,1,Normal,Good
ALE-0130,ALE,Synth-2022,Null,Synthetic,System Failure,Payments,242.89,3,2.71,1.28,0.89,2.7,24,0,Normal,Good
OLE-0584,OLE,18-09-2023,18-09-2023,Actual,Data Breach,ATM Network,100.13,4,0.45,1.08,1,3.6,18,0,Normal,Good
ALE-1130,ALE,Synth-2022,Null,Synthetic,Tech Failure,E-Banking,147.3,5,1.21,2.49,1.77,3.8,16,2,Normal,Good
ALE-1117,ALE,Synth-2022,Null,Synthetic,Phishing,Retail Banking,139.09,1,2.36,3.11,2.5,3.9,28,2,Normal,Good
ALE-0263,ALE,Synth-2022,Null,Synthetic,System Failure,E-Banking,158.83,2,1.07,1.67,1.54,3.8,28,0,Normal,Good
ALE-0592,ALE,Synth-2022,Null,Synthetic,Phishing,ATM Network,48.78,4,1.64,1.53,1.18,3.5,19,2,Normal,Good
ALE-0685,ALE,Synth-2022,Null,Synthetic,Cyber-Fraud,ATM Network,72.47,1,1.04,1.76,1.75,3.3,16,2,Normal,Good
ALE-0597,ALE,Synth-2022,Null,Synthetic,System Failure,Retail Banking,64.73,3,2.92,2,1.92,3.4,25,2,Normal,Good
ALE-0735,ALE,Synth-2022,Null,Synthetic,System Failure,E-Banking,88.09,5,1.05,1.28,1.47,2.8,22,2,Normal,Good
ALE-0679,ALE,Synth-2022,Null,Synthetic,Tech Failure,Payments,174.87,2,1.37,1.42,1.15,3.2,29,2,Normal,Good
OLE-0319,OLE,01-10-2022,01-10-2022,Actual,Tech Failure,Payments,47.08,1,1.45,1.39,1,3.8,19,2,Normal,Good
OLE-0772,OLE,21-02-2022,21-02-2022,Actual,System Failure,E-Banking,94.73,4,1.32,1.41,1,3.3,15,2,Normal,Good
ALE-0267,ALE,Synth-2022,Null,Synthetic,Cyber-Fraud,Payments,157.26,2,2.03,1.22,1.42,2.7,19,2,Normal,Good
OLE-0720,OLE,24-01-2022,24-01-2022,Actual,Tech Failure,Payments,55.2,4,0.8,1.35,1,3.8,21,2,Normal,Good
ALE-1083,ALE,Synth-2022,Null,Synthetic,Tech Failure,ATM Network,146.29,5,2.95,2.37,2,3.6,16,1,Normal,Good
ALE-0281,ALE,Synth-2022,Null,Synthetic,Tech Failure,ATM Network,207.48,5,2.85,1.77,1.47,2.9,27,2,Normal,Good
OLE-0344,OLE,13-06-2022,13-06-2022,Actual,System Failure,ATM Network,99.23,5,1.49,1.39,1,3.1,24,0,Normal,Good
OLE-0399,OLE,13-04-2023,13-04-2023,Actual,Data Breach,ATM Network,17.84,3,0.85,1.28,1,4,20,1,Normal,Good
OLE-0585,OLE,11-05-2023,11-05-2023,Actual,Cyber-Fraud,Payments,72.5,5,0.63,0.82,1,3.8,21,2,Normal,Good
ALE-0772,ALE,Synth-2022,Null,Synthetic,Tech Failure,ATM Network,158.74,3,1.75,2.28,1.53,3.1,18,0,Normal,Good
OLE-0293,OLE,23-02-2023,23-02-2023,Actual,Cyber-Fraud,Retail Banking,27.28,2,0.79,1.37,1,3.4,14,0,Normal,Good
OLE-0793,OLE,24-01-2022,24-01-2022,Actual,Tech Failure,ATM Network,18.1,4,0.75,0.53,1,2.8,14,0,Normal,Good
ALE-0200,ALE,Synth-2022,Null,Synthetic,Cyber-Fraud,E-Banking,178.81,3,1.42,2.42,2.89,2.7,22,0,Normal,Good
ALE-0257,ALE,Synth-2022,Null,Synthetic,Tech Failure,Online Services,103.82,4,1.16,3.05,2.25,2.7,28,0,Normal,Good
OLE-0142,OLE,16-11-2022,16-11-2022,Actual,Data Breach,Payments,46.7,4,1.25,1.14,1,3.5,17,1,Normal,Good
ALE-0069,ALE,Synth-2022,Null,Synthetic,Phishing,Retail Banking,145.55,2,2.7,1.89,2.02,2.7,22,2,Normal,Good
OLE-0003,OLE,23-04-2022,23-04-2022,Actual,Tech Failure,Retail Banking,81.41,5,0.69,1.27,1,2.7,20,2,Normal,Good
OLE-0577,OLE,09-05-2022,09-05-2022,Actual,System Failure,Payments,85.33,2,0.42,0.89,1,3.4,16,1,Normal,Good
ALE-0456,ALE,Synth-2022,Null,Synthetic,Data Breach,E-Banking,161.3,5,1.37,1.24,1.05,3.6,25,1,Normal,Good
OLE-0340,OLE,20-10-2022,20-10-2022,Actual,System Failure,ATM Network,11,2,1.3,1.21,1,3.4,18,1,Normal,Good
OLE-0807,OLE,20-01-2023,20-01-2023,Actual,Data Breach,Payments,50.16,1,0.86,0.55,1,2.8,24,0,Normal,Good
OLE-0266,OLE,18-06-2022,18-06-2022,Actual,System Failure,Payments,55.08,3,1.18,1.38,1,2.8,19,1,Normal,Good
OLE-0377,OLE,18-01-2023,18-01-2023,Actual,System Failure,Retail Banking,69.94,3,1.26,0.6,1,3.4,20,0,Normal,Good
ALE-0022,ALE,Synth-2022,Null,Synthetic,Tech Failure,ATM Network,75.13,4,2.94,1.71,1.25,2.6,29,0,Normal,Good
OLE-0440,OLE,02-01-2023,02-01-2023,Actual,Data Breach,E-Banking,31.26,4,0.83,1.12,1,3.8,16,1,Normal,Good
OLE-0272,OLE,02-09-2023,02-09-2023,Actual,System Failure,ATM Network,70.69,1,0.56,0.77,1,2.9,21,2,Normal,Good
OLE-0245,OLE,26-03-2023,26-03-2023,Actual,Data Breach,Retail Banking,69.51,4,1.06,0.63,1,3.3,14,0,Normal,Good
ALE-1127,ALE,Synth-2022,Null,Synthetic,Tech Failure,Retail Banking,123.01,4,1.06,1.76,2.02,3.7,20,2,Normal,Good
OLE-0669,OLE,14-10-2022,14-10-2022,Actual,System Failure,E-Banking,63.56,1,0.72,1.33,1,3.2,17,2,Normal,Good
OLE-0757,OLE,06-07-2023,06-07-2023,Actual,Data Breach,ATM Network,41.28,5,1.43,1.17,1,3.5,14,1,Normal,Good
OLE-0650,OLE,24-12-2022,24-12-2022,Actual,System Failure,E-Banking,74.6,4,0.86,1.29,1,3.4,24,0,Normal,Good
OLE-0608,OLE,17-01-2022,17-01-2022,Actual,Tech Failure,ATM Network,30.7,4,1.45,1.14,1,3.6,14,0,Normal,Good
OLE-0416,OLE,15-12-2022,15-12-2022,Actual,Cyber-Fraud,Payments,89.92,4,1.47,1.29,1,3.5,22,0,Normal,Good
OLE-0274,OLE,27-02-2023,27-02-2023,Actual,Data Breach,Retail Banking,40.98,2,1.27,1.32,1,3.9,21,1,Normal,Good
ALE-0769,ALE,Synth-2022,Null,Synthetic,Cyber-Fraud,E-Banking,167.44,4,2.98,2.71,2.3,3.6,26,2,Normal,Good
OLE-0251,OLE,30-12-2022,30-12-2022,Actual,Tech Failure,ATM Network,48.19,4,0.97,1,1,3.6,14,0,Normal,Good
OLE-0414,OLE,28-04-2022,28-04-2022,Actual,Cyber-Fraud,Payments,12.98,1,0.47,1.05,1,2.7,18,2,Normal,Good
ALE-0596,ALE,Synth-2022,Null,Synthetic,System Failure,Retail Banking,128.89,3,2,2.74,3.37,3.3,23,2,Normal,Good
ALE-1202,ALE,Synth-2022,Null,Synthetic,Tech Failure,Payments,206.49,2,1.88,3.14,2.77,3.6,24,0,Normal,Good
OLE-0311,OLE,23-05-2022,23-05-2022,Actual,System Failure,Retail Banking,47.55,1,0.62,1.44,1,3.5,14,1,Normal,Good
OLE-0728,OLE,25-07-2022,25-07-2022,Actual,Tech Failure,Retail Banking,74.02,3,1.23,0.67,1,3.2,14,2,Normal,Good
ALE-0610,ALE,Synth-2022,Null,Synthetic,Phishing,Online Services,205.96,2,2.69,2.13,1.97,2.8,20,2,Normal,Good
OLE-0426,OLE,04-09-2023,04-09-2023,Actual,Tech Failure,ATM Network,12.35,2,0.96,1.34,1,2.7,15,1,Normal,Good
ALE-1226,ALE,Synth-2022,Null,Synthetic,Cyber-Fraud,Retail Banking,123.9,2,2.74,1.5,1.69,3.2,24,0,Normal,Good
OLE-0679,OLE,07-09-2022,07-09-2022,Actual,Data Breach,E-Banking,22.92,3,1.39,0.88,1,3.4,20,1,Normal,Good
ALE-0910,ALE,Synth-2022,Null,Synthetic,System Failure,Retail Banking,167.62,3,1.3,2.71,2.96,2.6,16,1,Normal,Good
ALE-0681,ALE,Synth-2022,Null,Synthetic,System Failure,E-Banking,178.56,5,1.7,2.5,1.84,2.9,23,0,Normal,Good
ALE-0579,ALE,Synth-2022,Null,Synthetic,Data Breach,Online Services,58.05,4,1.69,3.35,2.29,2.7,19,2,Normal,Good
ALE-0316,ALE,Synth-2022,Null,Synthetic,Phishing,ATM Network,286.48,3,1.63,1.76,1.48,3.7,17,2,Normal,Good
OLE-0846,OLE,16-07-2023,16-07-2023,Actual,System Failure,E-Banking,36.39,3,1.1,0.79,1,3.4,15,0,Normal,Good
OLE-0527,OLE,01-01-2023,01-01-2023,Actual,Data Breach,E-Banking,32.44,2,0.95,1.49,1,3.8,24,0,Normal,Good
OLE-0716,OLE,30-12-2022,30-12-2022,Actual,System Failure,ATM Network,33.37,1,0.9,1.27,1,3.2,22,2,Normal,Good
ALE-0353,ALE,Synth-2022,Null,Synthetic,Phishing,ATM Network,214,5,2.95,3.22,3.23,2.7,29,2,Normal,Good
OLE-0183,OLE,14-05-2022,14-05-2022,Actual,Data Breach,Retail Banking,43.32,2,0.39,0.91,1,3.1,19,2,Normal,Good
OLE-0171,OLE,07-11-2023,07-11-2023,Actual,Tech Failure,Payments,108.82,5,1.18,0.65,1,3.8,18,1,Normal,Good
ALE-0861,ALE,Synth-2022,Null,Synthetic,Phishing,Payments,137.11,4,2.21,2.82,2.79,3.6,17,1,Normal,Good
OLE-0840,OLE,03-11-2023,03-11-2023,Actual,Tech Failure,Retail Banking,5,2,0.37,0.61,1,2.8,16,0,Normal,Good
OLE-0188,OLE,21-09-2023,21-09-2023,Actual,System Failure,Retail Banking,27.27,5,0.34,0.71,1,3.1,22,1,Normal,Good
OLE-0620,OLE,06-11-2023,06-11-2023,Actual,Cyber-Fraud,Retail Banking,5,3,0.5,0.88,1,3,22,2,Normal,Good
ALE-1012,ALE,Synth-2022,Null,Synthetic,Cyber-Fraud,Payments,227.73,2,2.87,1.83,1.58,2.8,21,2,Normal,Good
OLE-0159,OLE,14-09-2023,14-09-2023,Actual,System Failure,Payments,47.65,2,0.5,0.93,1,2.7,21,0,Normal,Good
ALE-0339,ALE,Synth-2022,Null,Synthetic,Phishing,ATM Network,141.76,3,2.24,3.32,3.95,2.5,17,2,Normal,Good
OLE-0273,OLE,10-06-2023,10-06-2023,Actual,System Failure,E-Banking,101.15,2,1.02,1.09,1,3.1,20,1,Normal,Good
OLE-0615,OLE,02-10-2023,02-10-2023,Actual,Cyber-Fraud,Retail Banking,47.54,3,0.61,0.85,1,3.7,15,2,Normal,Good
ALE-0898,ALE,Synth-2022,Null,Synthetic,Cyber-Fraud,Retail Banking,195.32,1,1.11,3.31,2.95,2.6,25,0,Normal,Good
ALE-1217,ALE,Synth-2022,Null,Synthetic,Phishing,Payments,106,4,2.47,3,2.07,3.1,23,1,Normal,Good
ALE-0712,ALE,Synth-2022,Null,Synthetic,System Failure,E-Banking,27.49,1,2.18,1.32,1.39,2.6,27,2,Normal,Good
OLE-0372,OLE,15-10-2023,15-10-2023,Actual,System Failure,Retail Banking,94.36,4,0.68,1.19,1,2.9,22,1,Normal,Good
OLE-0223,OLE,21-09-2023,21-09-2023,Actual,Tech Failure,Payments,25.33,1,1.45,1.02,1,4,20,0,Normal,Good
OLE-0594,OLE,17-11-2022,17-11-2022,Actual,System Failure,ATM Network,17.32,4,1.05,1.14,1,3.8,24,2,Normal,Good
ALE-0068,ALE,Synth-2022,Null,Synthetic,Data Breach,Retail Banking,40,2,1.53,1.36,1.58,3.2,27,0,Normal,Good
ALE-0991,ALE,Synth-2022,Null,Synthetic,Data Breach,Online Services,213.25,5,1.42,1.25,1.06,3.9,22,0,Normal,Good
ALE-1237,ALE,Synth-2022,Null,Synthetic,Data Breach,Online Services,138.21,4,1.16,3.11,3.03,3.1,18,1,Normal,Good
OLE-0519,OLE,16-01-2023,16-01-2023,Actual,System Failure,Retail Banking,82.29,5,0.86,0.91,1,3.7,18,1,Normal,Good
OLE-0781,OLE,26-08-2023,26-08-2023,Actual,System Failure,ATM Network,30.39,4,0.86,0.56,1,2.9,19,0,Normal,Good
OLE-0335,OLE,31-10-2022,31-10-2022,Actual,System Failure,Payments,34.51,4,1.28,1.35,1,3.9,16,1,Normal,Good
ALE-0034,ALE,Synth-2022,Null,Synthetic,Cyber-Fraud,Retail Banking,113.35,3,1.5,2.88,2.88,3.6,20,1,Normal,Good
ALE-1039,ALE,Synth-2022,Null,Synthetic,Data Breach,E-Banking,116.01,2,1.66,3.05,2.15,2.9,28,1,Normal,Good
ALE-0341,ALE,Synth-2022,Null,Synthetic,Tech Failure,Payments,57.75,5,2.89,3.5,3.63,3.6,20,2,Normal,Good
ALE-0304,ALE,Synth-2022,Null,Synthetic,Phishing,Online Services,252.18,3,1.85,2.59,1.74,3.9,26,2,Normal,Good
OLE-0016,OLE,13-07-2023,13-07-2023,Actual,Data Breach,ATM Network,85.61,4,0.49,1.1,1,3,14,0,Normal,Good
ALE-0010,ALE,Synth-2022,Null,Synthetic,System Failure,ATM Network,304.54,1,2.57,2.05,1.47,3.7,15,1,Normal,Good
ALE-0201,ALE,Synth-2022,Null,Synthetic,Data Breach,Payments,259.34,4,1.78,3.02,2.45,2.7,15,0,Normal,Good
ALE-0887,ALE,Synth-2022,Null,Synthetic,Phishing,Online Services,117.39,2,1.47,1.77,1.66,2.6,23,1,Normal,Good
ALE-1050,ALE,Synth-2022,Null,Synthetic,Data Breach,ATM Network,177.82,4,0.83,2.87,2.82,3.1,23,0,Normal,Good
OLE-0571,OLE,14-07-2023,14-07-2023,Actual,Data Breach,ATM Network,57.29,2,1.28,0.76,1,3.7,23,0,Normal,Good
OLE-0655,OLE,08-09-2023,08-09-2023,Actual,Cyber-Fraud,Retail Banking,43.98,1,1.48,1.16,1,3.7,18,0,Normal,Good
OLE-0773,OLE,20-01-2022,20-01-2022,Actual,Cyber-Fraud,Payments,51.84,1,1.3,1.16,1,3,21,1,Normal,Good
ALE-1210,ALE,Synth-2022,Null,Synthetic,Data Breach,Payments,310.6,3,0.81,2.95,2.21,3.7,25,2,Normal,Good
OLE-0466,OLE,30-05-2022,30-05-2022,Actual,Data Breach,Payments,108.06,2,0.95,0.87,1,3.4,24,2,Normal,Good
ALE-0128,ALE,Synth-2022,Null,Synthetic,System Failure,Retail Banking,163.62,4,0.88,2.41,1.91,2.8,20,1,Normal,Good
OLE-0200,OLE,27-12-2022,27-12-2022,Actual,Cyber-Fraud,Retail Banking,20.9,4,1.33,0.69,1,3.3,17,2,Normal,Good
ALE-0507,ALE,Synth-2022,Null,Synthetic,Data Breach,ATM Network,280.03,1,2.69,2.81,2.37,3.4,16,1,Normal,Good
ALE-0345,ALE,Synth-2022,Null,Synthetic,Data Breach,Online Services,243.47,5,0.82,1.69,1.37,3.1,27,1,Normal,Good
ALE-0427,ALE,Synth-2022,Null,Synthetic,System Failure,E-Banking,260.68,5,1.02,1.8,1.95,2.5,22,2,Normal,Good
ALE-0142,ALE,Synth-2022,Null,Synthetic,Data Breach,ATM Network,219.67,1,1.01,2.87,2.79,4,29,1,Normal,Good
ALE-0619,ALE,Synth-2022,Null,Synthetic,Tech Failure,Payments,178.62,1,1.91,2.12,2.4,3.1,22,1,Normal,Good
ALE-0204,ALE,Synth-2022,Null,Synthetic,Tech Failure,E-Banking,15.08,4,2.28,2.82,2.81,3.2,28,2,Normal,Good
OLE-0592,OLE,05-01-2023,05-01-2023,Actual,Tech Failure,Payments,23.21,3,1.26,1.24,1,2.6,16,1,Normal,Good
ALE-0074,ALE,Synth-2022,Null,Synthetic,Data Breach,E-Banking,81.7,2,1.76,1.82,1.49,3.8,29,2,Normal,Good
ALE-1101,ALE,Synth-2022,Null,Synthetic,Phishing,Payments,74.38,5,0.82,2.17,2.42,2.7,18,0,Normal,Good
ALE-0750,ALE,Synth-2022,Null,Synthetic,Cyber-Fraud,ATM Network,165.87,2,2.5,1.98,1.59,2.6,22,2,Normal,Good
ALE-0654,ALE,Synth-2022,Null,Synthetic,System Failure,Payments,128.79,2,2.48,2.19,2.61,2.8,25,0,Normal,Good
ALE-0105,ALE,Synth-2022,Null,Synthetic,Phishing,Retail Banking,110.68,3,2.97,2.38,1.64,3.3,19,0,Normal,Good
ALE-0075,ALE,Synth-2022,Null,Synthetic,Cyber-Fraud,ATM Network,39.09,5,1.51,3.49,2.51,3.4,25,1,Normal,Good
OLE-0044,OLE,15-10-2023,15-10-2023,Actual,Data Breach,Payments,40.51,2,1.25,1.36,1,3.4,19,1,Normal,Good
ALE-1021,ALE,Synth-2022,Null,Synthetic,Data Breach,E-Banking,223.67,3,1.21,1.67,1.73,2.8,19,0,Normal,Good
OLE-0275,OLE,20-05-2023,20-05-2023,Actual,Cyber-Fraud,ATM Network,59.91,3,0.93,0.57,1,3.1,22,0,Normal,Good
ALE-0950,ALE,Synth-2022,Null,Synthetic,Cyber-Fraud,ATM Network,72.29,4,2.86,3.49,3.93,3.4,27,1,Normal,Good
OLE-0102,OLE,03-10-2022,03-10-2022,Actual,Cyber-Fraud,ATM Network,43.37,5,1.32,0.55,1,3.4,24,0,Normal,Good
ALE-0458,ALE,Synth-2022,Null,Synthetic,Tech Failure,ATM Network,90.38,4,2.5,1.97,1.43,2.9,26,1,Normal,Good
ALE-0649,ALE,Synth-2022,Null,Synthetic,Tech Failure,Payments,137.16,2,2.34,1.87,1.36,2.6,22,2,Normal,Good
ALE-0268,ALE,Synth-2022,Null,Synthetic,Data Breach,Online Services,105.49,2,2.25,2.21,2.66,3.9,20,0,Normal,Good
OLE-0108,OLE,07-06-2022,07-06-2022,Actual,Cyber-Fraud,Retail Banking,84.46,1,0.95,0.58,1,3.2,14,1,Normal,Good
ALE-0952,ALE,Synth-2022,Null,Synthetic,Cyber-Fraud,E-Banking,85.65,1,1.08,2.11,2.13,2.9,24,2,Normal,Good
OLE-0498,OLE,23-09-2022,23-09-2022,Actual,System Failure,Retail Banking,70.23,5,0.3,1.4,1,2.5,17,0,Normal,Good
ALE-1279,ALE,Synth-2022,Null,Synthetic,Tech Failure,Online Services,96.06,3,2.8,2.23,2.24,2.7,19,0,Normal,Good
ALE-0789,ALE,Synth-2022,Null,Synthetic,Data Breach,Retail Banking,81.56,1,2.58,2.15,1.63,3.1,16,0,Normal,Good
ALE-0109,ALE,Synth-2022,Null,Synthetic,Phishing,E-Banking,128.52,5,2.99,2.93,2.34,3,18,2,Normal,Good
ALE-0816,ALE,Synth-2022,Null,Synthetic,System Failure,E-Banking,50.89,4,1.63,1.45,1.39,2.8,20,0,Normal,Good
ALE-0384,ALE,Synth-2022,Null,Synthetic,Phishing,E-Banking,234.74,1,1.24,2.36,1.86,3.9,28,1,Normal,Good
ALE-0562,ALE,Synth-2022,Null,Synthetic,Data Breach,Online Services,170.99,4,2.11,3.12,2.35,3.6,19,2,Normal,Good
ALE-0796,ALE,Synth-2022,Null,Synthetic,Data Breach,Payments,106.37,3,1.18,2.77,2.52,3.4,26,1,Normal,Good
ALE-1044,ALE,Synth-2022,Null,Synthetic,Cyber-Fraud,Retail Banking,173.55,4,2.7,2.1,1.8,3.9,29,0,Normal,Good
OLE-0787,OLE,22-03-2023,22-03-2023,Actual,Data Breach,ATM Network,30.81,5,0.79,0.54,1,3,14,2,Normal,Good
ALE-0195,ALE,Synth-2022,Null,Synthetic,Data Breach,ATM Network,136.5,1,2.44,3.17,2.76,2.7,28,0,Normal,Good
OLE-0713,OLE,22-01-2023,22-01-2023,Actual,System Failure,E-Banking,36.1,3,0.52,1.07,1,3.1,14,2,Normal,Good
OLE-0073,OLE,10-11-2023,10-11-2023,Actual,Data Breach,E-Banking,49.19,2,0.69,0.63,1,3.2,15,1,Normal,Good
ALE-0106,ALE,Synth-2022,Null,Synthetic,Tech Failure,Retail Banking,78.01,1,0.92,3.36,2.87,3.4,22,2,Normal,Good
ALE-0517,ALE,Synth-2022,Null,Synthetic,Cyber-Fraud,Retail Banking,288.74,2,1.34,2.82,3.24,3.9,25,0,Normal,Good
ALE-0465,ALE,Synth-2022,Null,Synthetic,Cyber-Fraud,ATM Network,209.84,1,1.04,2.18,2.51,3.4,20,2,Normal,Good
ALE-0170,ALE,Synth-2022,Null,Synthetic,Cyber-Fraud,Online Services,88.95,2,2.51,2.6,1.76,3.1,20,0,Normal,Good
OLE-0482,OLE,25-12-2023,25-12-2023,Actual,Tech Failure,E-Banking,5,5,0.82,0.63,1,3.1,19,2,Normal,Good
ALE-0943,ALE,Synth-2022,Null,Synthetic,Data Breach,ATM Network,66.81,3,1.4,1.39,1.1,3.5,21,1,Normal,Good
OLE-0507,OLE,06-10-2023,06-10-2023,Actual,Tech Failure,E-Banking,59.94,5,0.69,0.55,1,3.5,24,1,Normal,Good
ALE-0243,ALE,Synth-2022,Null,Synthetic,System Failure,ATM Network,373.43,2,0.83,1.59,1.26,2.5,17,1,Potential Outlier,Review Required
ALE-0129,ALE,Synth-2022,Null,Synthetic,Data Breach,Online Services,142.07,1,2.05,2.21,2.61,3.2,29,0,Normal,Good
ALE-1284,ALE,Synth-2022,Null,Synthetic,Tech Failure,Payments,65.88,4,1.07,2.36,1.61,3.5,22,1,Normal,Good
ALE-1036,ALE,Synth-2022,Null,Synthetic,System Failure,Online Services,28.91,5,2.15,2.65,2.02,3.4,20,2,Normal,Good
ALE-1261,ALE,Synth-2022,Null,Synthetic,Tech Failure,Retail Banking,162.05,2,2.47,3.13,2.35,3,23,2,Normal,Good
ALE-0387,ALE,Synth-2022,Null,Synthetic,Phishing,E-Banking,264.07,5,2.93,3.09,3.28,2.8,26,2,Normal,Good
OLE-0312,OLE,25-04-2022,25-04-2022,Actual,Data Breach,E-Banking,66.3,5,1.29,0.96,1,2.9,24,2,Normal,Good
ALE-0193,ALE,Synth-2022,Null,Synthetic,Phishing,Retail Banking,28.91,5,0.89,1.66,1.79,3,29,2,Normal,Good
OLE-0406,OLE,28-06-2023,28-06-2023,Actual,System Failure,Payments,89.55,2,1.01,0.9,1,4,15,1,Normal,Good
ALE-0669,ALE,Synth-2022,Null,Synthetic,Data Breach,ATM Network,298.04,2,0.91,1.22,1.5,2.5,29,1,Normal,Good
ALE-0915,ALE,Synth-2022,Null,Synthetic,System Failure,Retail Banking,31.71,5,2.7,2.1,1.97,2.9,24,0,Normal,Good
ALE-0749,ALE,Synth-2022,Null,Synthetic,Cyber-Fraud,ATM Network,139.35,1,1.52,2.44,2.57,3.7,24,0,Normal,Good
ALE-0686,ALE,Synth-2022,Null,Synthetic,Phishing,Retail Banking,144.16,5,1.57,2.22,2.63,3.7,19,0,Normal,Good
OLE-0310,OLE,13-02-2022,13-02-2022,Actual,Data Breach,Retail Banking,5,1,1,0.63,1,3.2,20,1,Normal,Good
OLE-0227,OLE,13-01-2023,13-01-2023,Actual,Data Breach,Retail Banking,76.47,3,0.6,0.75,1,3.1,23,0,Normal,Good
OLE-0744,OLE,27-05-2023,27-05-2023,Actual,Tech Failure,ATM Network,75.77,2,1.36,0.51,1,3.8,15,1,Normal,Good
ALE-1188,ALE,Synth-2022,Null,Synthetic,Data Breach,ATM Network,47.14,2,2.98,3.08,2.38,2.6,28,2,Normal,Good
ALE-0995,ALE,Synth-2022,Null,Synthetic,Cyber-Fraud,ATM Network,163.53,1,0.9,2.92,3.44,3.2,20,1,Normal,Good
ALE-0710,ALE,Synth-2022,Null,Synthetic,System Failure,E-Banking,127.34,2,2.04,2.67,1.8,2.6,20,2,Normal,Good
ALE-1089,ALE,Synth-2022,Null,Synthetic,Data Breach,Payments,77.87,4,1.02,1.49,1.77,4,27,2,Normal,Good
ALE-1067,ALE,Synth-2022,Null,Synthetic,Data Breach,Retail Banking,165.61,1,1.62,2.8,2.47,3.8,25,2,Normal,Good
ALE-0720,ALE,Synth-2022,Null,Synthetic,Tech Failure,Retail Banking,280.32,3,2.48,2.6,2.98,3.8,19,1,Normal,Good
OLE-0149,OLE,02-11-2022,02-11-2022,Actual,System Failure,E-Banking,48.08,5,0.77,0.92,1,3.1,21,0,Normal,Good
ALE-0478,ALE,Synth-2022,Null,Synthetic,Data Breach,Retail Banking,219.06,4,0.91,3.17,2.51,3.2,25,0,Normal,Good
ALE-0254,ALE,Synth-2022,Null,Synthetic,Phishing,E-Banking,72.51,2,2.41,1.27,1.03,3.6,19,2,Normal,Good
OLE-0292,OLE,06-01-2023,06-01-2023,Actual,Cyber-Fraud,Retail Banking,30.18,1,0.8,0.93,1,3.3,23,2,Normal,Good
OLE-0693,OLE,19-08-2023,19-08-2023,Actual,System Failure,Payments,60.07,2,0.47,0.59,1,2.5,19,0,Normal,Good
OLE-0705,OLE,13-01-2023,13-01-2023,Actual,Tech Failure,Retail Banking,64.41,3,0.65,0.98,1,4,15,0,Normal,Good
ALE-0184,ALE,Synth-2022,Null,Synthetic,Tech Failure,E-Banking,10,1,1.51,1.46,1.32,2.9,28,0,Normal,Good
ALE-0198,ALE,Synth-2022,Null,Synthetic,Data Breach,Online Services,135.25,1,2.07,1.58,1.78,2.5,24,0,Normal,Good
OLE-0576,OLE,21-10-2022,21-10-2022,Actual,Data Breach,E-Banking,61.31,2,0.91,1.27,1,2.6,23,0,Normal,Good
OLE-0558,OLE,29-05-2023,29-05-2023,Actual,Tech Failure,ATM Network,42.58,2,1.45,0.93,1,3.2,23,0,Normal,Good
ALE-0398,ALE,Synth-2022,Null,Synthetic,Phishing,E-Banking,194.96,5,2.97,2.43,2.76,3.7,22,2,Normal,Good
OLE-0702,OLE,08-11-2022,08-11-2022,Actual,Data Breach,Payments,43.12,2,1.42,0.96,1,2.8,20,2,Normal,Good
ALE-0591,ALE,Synth-2022,Null,Synthetic,Data Breach,Retail Banking,109.05,1,2.46,3.27,2.27,3.7,23,0,Normal,Good
ALE-0453,ALE,Synth-2022,Null,Synthetic,Cyber-Fraud,Online Services,211.5,3,1.18,1.9,1.85,2.7,23,2,Normal,Good
ALE-0473,ALE,Synth-2022,Null,Synthetic,System Failure,ATM Network,163.66,1,2.35,3.28,2.97,3.2,24,1,Normal,Good
ALE-0882,ALE,Synth-2022,Null,Synthetic,Data Breach,Payments,98.68,1,2.64,2.62,2.11,3.3,16,0,Normal,Good
ALE-1183,ALE,Synth-2022,Null,Synthetic,Data Breach,E-Banking,90.01,2,0.82,1.62,1.57,3.3,22,2,Normal,Good
ALE-0459,ALE,Synth-2022,Null,Synthetic,Tech Failure,Retail Banking,140.47,4,2.4,2.37,2.66,3.6,25,0,Normal,Good
ALE-1164,ALE,Synth-2022,Null,Synthetic,Tech Failure,E-Banking,266.87,3,2.18,2.24,2.62,3.5,24,1,Normal,Good
OLE-0168,OLE,31-01-2022,31-01-2022,Actual,Data Breach,Retail Banking,14.59,2,0.61,0.69,1,2.6,18,2,Normal,Good
OLE-0731,OLE,11-09-2023,11-09-2023,Actual,Tech Failure,E-Banking,5,1,1.43,1.42,1,3.4,23,0,Normal,Good
ALE-0645,ALE,Synth-2022,Null,Synthetic,Cyber-Fraud,Retail Banking,247.82,2,2.26,2.15,2.59,3.7,22,0,Normal,Good
OLE-0287,OLE,21-07-2023,21-07-2023,Actual,System Failure,Retail Banking,43.62,1,0.49,1.17,1,2.8,17,2,Normal,Good
ALE-0958,ALE,Synth-2022,Null,Synthetic,Tech Failure,ATM Network,163.66,5,2.08,3.47,4,2.9,15,0,Normal,Good
ALE-0626,ALE,Synth-2022,Null,Synthetic,Data Breach,E-Banking,217.26,4,2.97,1.43,1.3,3,16,0,Normal,Good
OLE-0629,OLE,30-10-2022,30-10-2022,Actual,Data Breach,Payments,112.8,2,1.24,0.91,1,2.5,16,2,Normal,Good
OLE-0599,OLE,02-01-2022,02-01-2022,Actual,Cyber-Fraud,ATM Network,5,1,1.13,1.16,1,2.6,21,2,Normal,Good
ALE-0256,ALE,Synth-2022,Null,Synthetic,Data Breach,Retail Banking,177.98,4,1.65,2.9,2.65,3.6,28,0,Normal,Good
OLE-0378,OLE,04-09-2023,04-09-2023,Actual,Tech Failure,Payments,52.73,3,1.48,0.71,1,2.6,15,0,Normal,Good
ALE-1120,ALE,Synth-2022,Null,Synthetic,Cyber-Fraud,Online Services,51.08,1,2.58,2.08,1.84,3.8,25,2,Normal,Good
ALE-1193,ALE,Synth-2022,Null,Synthetic,Tech Failure,Payments,36.98,5,1.21,3.34,2.75,2.7,17,0,Normal,Good
ALE-0940,ALE,Synth-2022,Null,Synthetic,Tech Failure,E-Banking,129.13,4,1.49,1.39,1.24,3.6,27,1,Normal,Good
ALE-0328,ALE,Synth-2022,Null,Synthetic,System Failure,ATM Network,204.34,3,2.88,1.43,1.45,3.2,25,2,Normal,Good
ALE-0534,ALE,Synth-2022,Null,Synthetic,Phishing,ATM Network,199.45,2,2.19,1.73,1.21,3.8,27,2,Normal,Good
ALE-0545,ALE,Synth-2022,Null,Synthetic,Data Breach,Retail Banking,10,2,2.4,3.5,2.34,3.6,19,0,Normal,Good
OLE-0042,OLE,23-03-2022,23-03-2022,Actual,Cyber-Fraud,ATM Network,48.33,2,0.42,0.95,1,3.6,14,2,Normal,Good
OLE-0817,OLE,28-01-2023,28-01-2023,Actual,Cyber-Fraud,ATM Network,21.03,4,0.8,0.75,1,3,23,0,Normal,Good
ALE-0505,ALE,Synth-2022,Null,Synthetic,Cyber-Fraud,Retail Banking,116.76,1,1.63,3.26,4.04,3.5,19,1,Normal,Good
ALE-0768,ALE,Synth-2022,Null,Synthetic,System Failure,ATM Network,245.02,3,2.65,2.54,2.47,3.3,28,1,Normal,Good
OLE-0818,OLE,03-04-2022,03-04-2022,Actual,Tech Failure,Retail Banking,33.84,3,0.97,0.86,1,3.7,18,0,Normal,Good
OLE-0610,OLE,25-05-2022,25-05-2022,Actual,Cyber-Fraud,Payments,11.73,5,1.25,1.49,1,2.9,19,0,Normal,Good
ALE-0333,ALE,Synth-2022,Null,Synthetic,Tech Failure,E-Banking,208.06,3,2.38,2.09,2.2,3.4,19,1,Normal,Good
ALE-0166,ALE,Synth-2022,Null,Synthetic,Phishing,E-Banking,130.76,1,0.9,3.04,2.49,2.8,24,1,Normal,Good
ALE-0759,ALE,Synth-2022,Null,Synthetic,Tech Failure,Online Services,138.3,1,1.94,3.18,2.53,2.8,19,0,Normal,Good
ALE-0742,ALE,Synth-2022,Null,Synthetic,Phishing,Online Services,235.92,2,2.34,2.34,2.12,3.9,19,2,Normal,Good
ALE-0300,ALE,Synth-2022,Null,Synthetic,Data Breach,Retail Banking,67.39,5,2.57,1.3,1.22,2.6,19,1,Normal,Good
OLE-0494,OLE,05-10-2022,05-10-2022,Actual,Data Breach,ATM Network,5,2,1.23,1.21,1,3.4,21,0,Normal,Good
ALE-0747,ALE,Synth-2022,Null,Synthetic,System Failure,Online Services,218.03,2,2.55,1.55,1.23,3,17,0,Normal,Good
OLE-0278,OLE,18-04-2023,18-04-2023,Actual,Data Breach,E-Banking,69.24,4,0.94,0.64,1,3.7,15,1,Normal,Good
OLE-0758,OLE,30-07-2022,30-07-2022,Actual,System Failure,Retail Banking,32.18,2,1.45,1.28,1,3.4,14,2,Normal,Good
ALE-1258,ALE,Synth-2022,Null,Synthetic,Cyber-Fraud,Retail Banking,83.33,2,1.26,3.19,2.92,3.6,15,1,Normal,Good
OLE-0359,OLE,21-08-2022,21-08-2022,Actual,System Failure,ATM Network,7.23,1,0.83,1.34,1,2.7,16,2,Normal,Good
ALE-0503,ALE,Synth-2022,Null,Synthetic,Cyber-Fraud,Online Services,152.54,1,2.35,3.16,2.86,3.9,16,1,Normal,Good
OLE-0237,OLE,25-05-2023,25-05-2023,Actual,Tech Failure,E-Banking,35.64,2,1.23,0.85,1,3.7,15,0,Normal,Good
OLE-0552,OLE,09-07-2023,09-07-2023,Actual,Data Breach,ATM Network,5,2,0.61,1.12,1,3.7,16,1,Normal,Good
OLE-0521,OLE,03-03-2023,03-03-2023,Actual,Cyber-Fraud,ATM Network,56.07,1,1.49,0.94,1,3.9,16,0,Normal,Good
ALE-0693,ALE,Synth-2022,Null,Synthetic,Data Breach,Payments,191.9,4,1.61,1.6,1.84,3,22,0,Normal,Good
OLE-0209,OLE,24-11-2023,24-11-2023,Actual,Cyber-Fraud,Retail Banking,5,1,1.23,1.02,1,3,24,0,Normal,Good
ALE-0718,ALE,Synth-2022,Null,Synthetic,Tech Failure,Payments,173.4,3,1.8,2.57,1.73,3,17,1,Normal,Good
OLE-0721,OLE,01-10-2022,01-10-2022,Actual,System Failure,ATM Network,22.15,2,1.05,0.86,1,3.7,17,0,Normal,Good
ALE-0080,ALE,Synth-2022,Null,Synthetic,Data Breach,Online Services,82.4,5,1.54,2.51,1.79,2.6,21,0,Normal,Good
ALE-0912,ALE,Synth-2022,Null,Synthetic,Cyber-Fraud,Payments,206.45,4,2.41,1.31,1.11,3.2,17,0,Normal,Good
ALE-0726,ALE,Synth-2022,Null,Synthetic,Phishing,E-Banking,119.22,5,1.73,2.1,1.81,3.7,29,0,Normal,Good
OLE-0059,OLE,05-01-2023,05-01-2023,Actual,Cyber-Fraud,Payments,62.55,2,0.46,0.92,1,3.7,18,1,Normal,Good
OLE-0632,OLE,07-10-2023,07-10-2023,Actual,Tech Failure,Payments,43.75,5,0.95,0.63,1,2.9,14,1,Normal,Good
ALE-1062,ALE,Synth-2022,Null,Synthetic,System Failure,Retail Banking,322.23,3,2.95,1.35,0.94,3,17,0,Normal,Good
ALE-0343,ALE,Synth-2022,Null,Synthetic,System Failure,Retail Banking,178.27,1,1.49,1.23,1.42,2.9,18,0,Normal,Good
OLE-0593,OLE,13-02-2023,13-02-2023,Actual,Tech Failure,E-Banking,20.59,4,1.4,0.55,1,3,20,1,Normal,Good
ALE-0929,ALE,Synth-2022,Null,Synthetic,Phishing,E-Banking,266.73,5,1.03,2.24,1.96,3.1,26,1,Normal,Good
OLE-0364,OLE,24-11-2023,24-11-2023,Actual,System Failure,E-Banking,88.88,2,1.1,1.43,1,2.9,14,1,Normal,Good
OLE-0506,OLE,05-01-2023,05-01-2023,Actual,Data Breach,Retail Banking,63.89,5,1.33,1.36,1,3.6,22,1,Normal,Good
ALE-0005,ALE,Synth-2022,Null,Synthetic,System Failure,Online Services,99.94,3,1.78,1.22,0.89,3,25,0,Normal,Good
ALE-0820,ALE,Synth-2022,Null,Synthetic,Data Breach,Payments,85.9,3,1.06,2.7,1.93,3.9,27,0,Normal,Good
ALE-0957,ALE,Synth-2022,Null,Synthetic,Tech Failure,Retail Banking,146.54,3,2.4,3.11,3.5,2.7,17,0,Normal,Good
OLE-0734,OLE,03-01-2023,03-01-2023,Actual,Cyber-Fraud,Retail Banking,10.14,4,0.95,0.77,1,3.6,16,1,Normal,Good
ALE-0519,ALE,Synth-2022,Null,Synthetic,Cyber-Fraud,Online Services,159.04,1,2.9,1.77,1.35,3.2,20,1,Normal,Good
ALE-1206,ALE,Synth-2022,Null,Synthetic,Tech Failure,Retail Banking,49.34,3,0.88,2.97,2.14,2.8,28,2,Normal,Good
ALE-0842,ALE,Synth-2022,Null,Synthetic,Phishing,ATM Network,118.56,4,2.95,2.54,1.81,3.9,28,1,Normal,Good
ALE-0578,ALE,Synth-2022,Null,Synthetic,Data Breach,Retail Banking,207.81,5,2.54,2.42,2.41,3.5,25,1,Normal,Good
ALE-0183,ALE,Synth-2022,Null,Synthetic,Tech Failure,Payments,201.99,2,2.95,2.95,2.69,2.5,22,0,Normal,Good
OLE-0119,OLE,24-04-2022,24-04-2022,Actual,Tech Failure,Retail Banking,55.75,1,0.8,1.48,1,3.5,15,1,Normal,Good
ALE-0556,ALE,Synth-2022,Null,Synthetic,System Failure,ATM Network,231.5,3,3,1.59,1.19,2.8,26,0,Normal,Good
OLE-0707,OLE,31-10-2022,31-10-2022,Actual,Cyber-Fraud,Payments,76.93,5,0.59,0.78,1,3.1,23,0,Normal,Good
ALE-1073,ALE,Synth-2022,Null,Synthetic,Tech Failure,E-Banking,178.42,5,1.47,1.5,1.4,2.8,22,1,Normal,Good
OLE-0746,OLE,24-04-2023,24-04-2023,Actual,Data Breach,Retail Banking,103.85,3,0.47,1.2,1,3.5,15,2,Normal,Good
OLE-0523,OLE,30-04-2023,30-04-2023,Actual,Cyber-Fraud,Retail Banking,28.56,3,0.38,1.22,1,3.9,14,0,Normal,Good
ALE-0486,ALE,Synth-2022,Null,Synthetic,Data Breach,E-Banking,125.03,2,1.8,1.99,1.55,3.6,20,1,Normal,Good
ALE-0187,ALE,Synth-2022,Null,Synthetic,Cyber-Fraud,ATM Network,245.14,3,2.47,1.25,0.91,2.5,21,0,Normal,Good
OLE-0514,OLE,28-03-2023,28-03-2023,Actual,Cyber-Fraud,ATM Network,57.94,5,1.41,0.64,1,3,17,2,Normal,Good
OLE-0082,OLE,04-10-2023,04-10-2023,Actual,System Failure,Payments,5,2,0.97,1.31,1,3.6,16,0,Normal,Good
ALE-0922,ALE,Synth-2022,Null,Synthetic,Phishing,Payments,164.95,2,1.59,2.13,1.49,2.7,25,2,Normal,Good
ALE-0528,ALE,Synth-2022,Null,Synthetic,Tech Failure,Retail Banking,246.99,3,2.51,1.73,1.48,3.2,17,1,Normal,Good
ALE-1218,ALE,Synth-2022,Null,Synthetic,System Failure,E-Banking,157.27,5,1.37,2.93,2.82,3.1,28,1,Normal,Good
OLE-0381,OLE,01-02-2023,01-02-2023,Actual,Tech Failure,E-Banking,29.06,2,0.36,0.55,1,3.5,20,1,Normal,Good
ALE-0656,ALE,Synth-2022,Null,Synthetic,System Failure,Retail Banking,238.49,4,2.63,2.78,3.41,3,23,2,Normal,Good
ALE-1055,ALE,Synth-2022,Null,Synthetic,Data Breach,Payments,287.07,1,1.81,3.15,2.37,3.4,28,1,Normal,Good
OLE-0085,OLE,16-12-2023,16-12-2023,Actual,Tech Failure,Payments,56.93,4,1.19,0.7,1,3.9,22,2,Normal,Good
ALE-1041,ALE,Synth-2022,Null,Synthetic,Cyber-Fraud,Payments,150.83,1,1.84,3.43,3.23,3.1,16,0,Normal,Good
OLE-0673,OLE,08-11-2023,08-11-2023,Actual,Tech Failure,Retail Banking,54.53,1,0.86,0.57,1,3.7,17,0,Normal,Good
OLE-0775,OLE,11-06-2022,11-06-2022,Actual,System Failure,Payments,56.97,4,1.13,1.15,1,3.8,20,1,Normal,Good
OLE-0330,OLE,12-09-2023,12-09-2023,Actual,System Failure,ATM Network,89.93,4,0.89,0.9,1,2.7,18,0,Normal,Good
OLE-0007,OLE,23-12-2023,23-12-2023,Actual,Data Breach,ATM Network,40.9,5,0.34,1.49,1,2.7,18,1,Normal,Good
ALE-0313,ALE,Synth-2022,Null,Synthetic,System Failure,ATM Network,226.04,3,2.86,1.22,1.46,2.8,23,1,Normal,Good
ALE-0980,ALE,Synth-2022,Null,Synthetic,System Failure,Online Services,151.61,1,2.56,3.46,2.38,3.6,27,1,Normal,Good
ALE-1276,ALE,Synth-2022,Null,Synthetic,Tech Failure,Retail Banking,280.82,2,1.24,2.45,2.01,3.4,29,1,Normal,Good
ALE-0140,ALE,Synth-2022,Null,Synthetic,Phishing,Online Services,73.23,1,2.14,2.97,2.67,3.2,27,1,Normal,Good
OLE-0165,OLE,10-07-2022,10-07-2022,Actual,Tech Failure,Retail Banking,37.59,4,0.68,1.39,1,3.4,22,0,Normal,Good
ALE-0616,ALE,Synth-2022,Null,Synthetic,Phishing,ATM Network,252.68,2,1.49,2.08,2.56,3.6,15,0,Normal,Good
OLE-0452,OLE,08-04-2023,08-04-2023,Actual,System Failure,Retail Banking,16.47,1,1.45,0.65,1,3.2,20,0,Normal,Good
OLE-0491,OLE,29-06-2022,29-06-2022,Actual,Data Breach,E-Banking,56.73,3,1.27,1.11,1,2.9,22,0,Normal,Good
ALE-0617,ALE,Synth-2022,Null,Synthetic,Cyber-Fraud,Online Services,148.55,3,2.15,1.92,1.29,3.2,21,2,Normal,Good
ALE-0824,ALE,Synth-2022,Null,Synthetic,Phishing,Retail Banking,233.88,2,0.96,1.82,2.13,3.6,28,2,Normal,Good
OLE-0288,OLE,22-07-2023,22-07-2023,Actual,Tech Failure,Payments,48.88,5,0.5,0.5,1,3.6,19,1,Normal,Good
ALE-1107,ALE,Synth-2022,Null,Synthetic,Tech Failure,Retail Banking,193.43,3,1.58,1.75,1.83,3.9,29,1,Normal,Good
OLE-0088,OLE,15-04-2022,15-04-2022,Actual,System Failure,Payments,38.01,2,1.04,0.86,1,3.7,17,0,Normal,Good
ALE-0695,ALE,Synth-2022,Null,Synthetic,System Failure,E-Banking,171.91,2,0.9,1.56,1.74,3.4,25,0,Normal,Good
ALE-0131,ALE,Synth-2022,Null,Synthetic,System Failure,E-Banking,200.56,3,1.89,2.17,2,2.8,23,2,Normal,Good
ALE-0697,ALE,Synth-2022,Null,Synthetic,Tech Failure,ATM Network,75.93,4,2.65,2.19,2.03,2.5,18,0,Normal,Good
ALE-0049,ALE,Synth-2022,Null,Synthetic,Tech Failure,E-Banking,100.5,1,2.27,1.2,0.88,2.6,29,2,Normal,Good
ALE-0657,ALE,Synth-2022,Null,Synthetic,Phishing,ATM Network,171.48,2,1.72,1.6,1.82,3.4,22,0,Normal,Good
ALE-1069,ALE,Synth-2022,Null,Synthetic,Data Breach,Online Services,10,3,1.25,3.31,2.36,2.8,24,0,Normal,Good
ALE-0589,ALE,Synth-2022,Null,Synthetic,Phishing,Online Services,212.24,1,2.44,3.12,2.98,2.6,22,0,Normal,Good
ALE-0595,ALE,Synth-2022,Null,Synthetic,Phishing,Online Services,254.41,1,2.25,3.12,2.62,2.5,19,2,Normal,Good
ALE-0306,ALE,Synth-2022,Null,Synthetic,Phishing,E-Banking,224.34,4,1.35,2.43,1.89,3.5,24,1,Normal,Good
ALE-0378,ALE,Synth-2022,Null,Synthetic,System Failure,ATM Network,382.01,4,2.82,3.34,3.38,3.1,18,2,Potential Outlier,Review Required
ALE-0412,ALE,Synth-2022,Null,Synthetic,Cyber-Fraud,Retail Banking,94.4,1,1.08,2.93,2.59,2.7,28,1,Normal,Good
ALE-1011,ALE,Synth-2022,Null,Synthetic,Data Breach,E-Banking,234.6,3,2.07,2.57,2.52,3,23,2,Normal,Good
OLE-0328,OLE,13-04-2023,13-04-2023,Actual,Cyber-Fraud,Retail Banking,27.54,2,1.1,1.34,1,2.8,17,1,Normal,Good
ALE-0785,ALE,Synth-2022,Null,Synthetic,Phishing,Payments,196.16,1,2.77,3.19,2.24,2.9,22,1,Normal,Good
OLE-0443,OLE,19-11-2023,19-11-2023,Actual,Cyber-Fraud,ATM Network,51.22,3,1.13,0.75,1,3,23,0,Normal,Good
OLE-0835,OLE,22-01-2022,22-01-2022,Actual,Cyber-Fraud,ATM Network,39.58,5,1.34,1.14,1,2.7,16,1,Normal,Good
ALE-0479,ALE,Synth-2022,Null,Synthetic,System Failure,E-Banking,117.58,4,2.77,3.24,2.75,3.5,22,1,Normal,Good
ALE-0554,ALE,Synth-2022,Null,Synthetic,System Failure,E-Banking,239.29,2,2.79,1.66,2.03,2.5,24,0,Normal,Good
OLE-0833,OLE,17-01-2023,17-01-2023,Actual,System Failure,ATM Network,86.76,2,1.5,0.79,1,2.9,16,1,Normal,Good
ALE-0369,ALE,Synth-2022,Null,Synthetic,System Failure,E-Banking,90.68,2,0.94,1.33,1.43,3.9,18,2,Normal,Good
OLE-0349,OLE,09-02-2022,09-02-2022,Actual,Cyber-Fraud,ATM Network,49.08,2,1.38,1.1,1,3.4,20,1,Normal,Good
ALE-0223,ALE,Synth-2022,Null,Synthetic,Phishing,ATM Network,143.95,5,1.16,2.33,1.72,3.5,21,1,Normal,Good
OLE-0178,OLE,23-08-2023,23-08-2023,Actual,Cyber-Fraud,ATM Network,100.86,1,0.66,0.74,1,3,16,2,Normal,Good
ALE-0917,ALE,Synth-2022,Null,Synthetic,Data Breach,E-Banking,128.96,5,1.98,3.07,3.23,3.7,21,0,Normal,Good
ALE-0087,ALE,Synth-2022,Null,Synthetic,Phishing,E-Banking,110.36,1,0.93,2.56,1.72,2.8,20,0,Normal,Good
ALE-0048,ALE,Synth-2022,Null,Synthetic,Data Breach,E-Banking,190.52,3,1.38,3.28,3.2,3.3,18,2,Normal,Good
OLE-0087,OLE,20-08-2023,20-08-2023,Actual,Tech Failure,Payments,101.81,3,0.47,1.16,1,2.5,20,0,Normal,Good
ALE-0744,ALE,Synth-2022,Null,Synthetic,System Failure,Online Services,225.76,5,0.84,3.09,2.18,3.8,28,0,Normal,Good
ALE-1240,ALE,Synth-2022,Null,Synthetic,Cyber-Fraud,E-Banking,51.65,5,2.43,2.9,2.64,2.7,26,0,Normal,Good
ALE-0994,ALE,Synth-2022,Null,Synthetic,Data Breach,Online Services,46.27,5,1.44,2.68,2.88,3,25,0,Normal,Good
OLE-0458,OLE,13-12-2023,13-12-2023,Actual,Data Breach,Payments,37.87,2,1.49,0.83,1,3.1,21,1,Normal,Good
OLE-0778,OLE,08-12-2023,08-12-2023,Actual,System Failure,Payments,75.67,4,1.33,1.18,1,3.8,15,0,Normal,Good
ALE-0466,ALE,Synth-2022,Null,Synthetic,Tech Failure,ATM Network,239.04,3,2.25,3.23,2.68,3,19,2,Normal,Good
OLE-0643,OLE,01-06-2022,01-06-2022,Actual,Cyber-Fraud,ATM Network,67.74,1,0.83,0.54,1,3.2,14,0,Normal,Good
ALE-1198,ALE,Synth-2022,Null,Synthetic,Cyber-Fraud,Retail Banking,132.02,3,1.08,3.14,2.37,2.8,28,2,Normal,Good
OLE-0055,OLE,21-03-2022,21-03-2022,Actual,System Failure,Payments,5.12,3,0.5,0.57,1,3.7,16,2,Normal,Good
ALE-0889,ALE,Synth-2022,Null,Synthetic,Phishing,E-Banking,204.51,5,2.22,1.25,0.96,2.6,21,1,Normal,Good
ALE-0800,ALE,Synth-2022,Null,Synthetic,Cyber-Fraud,E-Banking,162.7,5,1.07,1.46,1.72,3.6,29,1,Normal,Good
OLE-0644,OLE,16-03-2022,16-03-2022,Actual,Tech Failure,ATM Network,70.41,2,0.93,0.53,1,3.5,18,0,Normal,Good
ALE-0148,ALE,Synth-2022,Null,Synthetic,Cyber-Fraud,ATM Network,161.54,5,1.57,2.14,2.63,2.9,20,2,Normal,Good
OLE-0678,OLE,18-03-2023,18-03-2023,Actual,Data Breach,E-Banking,12.84,4,0.31,0.97,1,3.5,23,2,Normal,Good
OLE-0222,OLE,10-01-2023,10-01-2023,Actual,System Failure,Retail Banking,17.04,1,0.56,0.96,1,3.9,20,2,Normal,Good
OLE-0114,OLE,21-01-2022,21-01-2022,Actual,Cyber-Fraud,E-Banking,110.57,4,0.84,0.9,1,2.6,18,2,Normal,Good
ALE-0920,ALE,Synth-2022,Null,Synthetic,Tech Failure,ATM Network,308.7,4,1.12,1.27,0.87,3.3,21,2,Normal,Good
ALE-0532,ALE,Synth-2022,Null,Synthetic,Data Breach,Online Services,84.2,5,1.75,1.67,1.76,2.5,29,0,Normal,Good
ALE-0815,ALE,Synth-2022,Null,Synthetic,Data Breach,E-Banking,121.59,1,1.44,3.17,2.11,3,20,1,Normal,Good
OLE-0175,OLE,13-09-2022,13-09-2022,Actual,Cyber-Fraud,ATM Network,5,3,0.54,1.26,1,3.1,24,0,Normal,Good
ALE-0852,ALE,Synth-2022,Null,Synthetic,Cyber-Fraud,E-Banking,110.05,4,2.33,2.12,2.27,3,27,2,Normal,Good
OLE-0590,OLE,24-05-2023,24-05-2023,Actual,System Failure,ATM Network,43.27,5,1.47,0.69,1,3.2,23,1,Normal,Good
ALE-0116,ALE,Synth-2022,Null,Synthetic,System Failure,Retail Banking,125.22,1,1.08,2.23,1.63,3.8,20,0,Normal,Good
ALE-0931,ALE,Synth-2022,Null,Synthetic,System Failure,ATM Network,200.91,4,2.03,2.86,2.68,3,29,2,Normal,Good
OLE-0019,OLE,01-02-2022,01-02-2022,Actual,System Failure,Payments,53.61,1,0.69,1.13,1,3.4,18,2,Normal,Good
OLE-0424,OLE,01-06-2023,01-06-2023,Actual,Data Breach,E-Banking,5,2,1.31,0.98,1,3.7,16,1,Normal,Good
ALE-0666,ALE,Synth-2022,Null,Synthetic,Data Breach,ATM Network,200.51,1,2.37,1.87,1.82,3.2,15,1,Normal,Good
OLE-0286,OLE,18-02-2022,18-02-2022,Actual,Data Breach,Retail Banking,5,1,1.33,1.18,1,3.8,20,2,Normal,Good
ALE-0936,ALE,Synth-2022,Null,Synthetic,Tech Failure,ATM Network,136.78,2,2.7,2.23,2.11,4,28,1,Normal,Good
OLE-0429,OLE,10-05-2022,10-05-2022,Actual,Cyber-Fraud,Payments,23.57,4,0.69,0.63,1,3.2,19,0,Normal,Good
ALE-0856,ALE,Synth-2022,Null,Synthetic,Data Breach,E-Banking,121.53,3,2.85,1.54,1.2,3.9,29,0,Normal,Good
ALE-0951,ALE,Synth-2022,Null,Synthetic,System Failure,Retail Banking,216.55,2,2.58,3.26,4.03,3.9,29,1,Normal,Good
OLE-0670,OLE,11-05-2023,11-05-2023,Actual,Data Breach,Retail Banking,41.53,5,0.79,1.48,1,2.9,20,0,Normal,Good
OLE-0032,OLE,01-09-2023,01-09-2023,Actual,System Failure,E-Banking,62.66,2,0.61,0.8,1,3.6,17,2,Normal,Good
ALE-0260,ALE,Synth-2022,Null,Synthetic,Cyber-Fraud,ATM Network,95.71,5,1.06,1.63,1.85,3,15,1,Normal,Good
OLE-0723,OLE,19-11-2022,19-11-2022,Actual,Data Breach,E-Banking,57.84,4,0.65,0.95,1,2.7,20,0,Normal,Good
ALE-1255,ALE,Synth-2022,Null,Synthetic,Data Breach,Online Services,138.8,3,1.95,2.07,2.49,3,24,2,Normal,Good
ALE-0436,ALE,Synth-2022,Null,Synthetic,Phishing,Online Services,223.34,2,0.85,2,1.53,3.7,20,1,Normal,Good
OLE-0215,OLE,31-12-2023,31-12-2023,Actual,Data Breach,Retail Banking,77.1,4,1.07,1.31,1,3.9,19,1,Normal,Good
ALE-0221,ALE,Synth-2022,Null,Synthetic,System Failure,E-Banking,243.8,5,1.06,2.03,1.37,3.9,17,1,Normal,Good
ALE-0897,ALE,Synth-2022,Null,Synthetic,Tech Failure,ATM Network,284.26,1,2.74,1.62,1.17,2.7,28,0,Normal,Good
ALE-1032,ALE,Synth-2022,Null,Synthetic,Phishing,E-Banking,259.82,1,2.83,3.32,3.31,3.6,22,2,Normal,Good
OLE-0327,OLE,24-09-2023,24-09-2023,Actual,Tech Failure,ATM Network,52.85,1,1.06,1.1,1,2.8,19,1,Normal,Good
OLE-0561,OLE,27-01-2022,27-01-2022,Actual,Cyber-Fraud,Retail Banking,49.62,2,1.33,0.92,1,3,19,0,Normal,Good
ALE-0407,ALE,Synth-2022,Null,Synthetic,Cyber-Fraud,E-Banking,20.81,2,1.38,2.34,2.14,3.7,22,1,Normal,Good
OLE-0701,OLE,06-09-2023,06-09-2023,Actual,Data Breach,Payments,5,2,0.94,1.13,1,3.3,20,2,Normal,Good
ALE-0618,ALE,Synth-2022,Null,Synthetic,Data Breach,E-Banking,157.62,2,2.31,1.94,1.64,2.7,22,1,Normal,Good
ALE-0487,ALE,Synth-2022,Null,Synthetic,Data Breach,E-Banking,114.38,3,2.15,3.37,4.04,2.5,26,2,Normal,Good
OLE-0342,OLE,11-11-2022,11-11-2022,Actual,Data Breach,E-Banking,80.24,2,1.29,0.56,1,3.1,22,1,Normal,Good
OLE-0630,OLE,19-03-2022,19-03-2022,Actual,System Failure,ATM Network,5,2,0.38,1.1,1,3.6,15,2,Normal,Good
OLE-0148,OLE,20-07-2023,20-07-2023,Actual,Tech Failure,Retail Banking,90.21,1,1.28,1.03,1,3.8,20,0,Normal,Good
ALE-0495,ALE,Synth-2022,Null,Synthetic,Phishing,Retail Banking,324.15,1,1.27,1.35,1.15,2.6,23,0,Normal,Good
OLE-0361,OLE,13-05-2022,13-05-2022,Actual,Cyber-Fraud,E-Banking,76.43,2,0.77,1.25,1,2.7,14,0,Normal,Good
OLE-0084,OLE,31-05-2022,31-05-2022,Actual,Data Breach,Retail Banking,31.37,3,1.13,0.88,1,3.3,17,1,Normal,Good
ALE-0725,ALE,Synth-2022,Null,Synthetic,Cyber-Fraud,Payments,21.29,2,1.6,3.22,3.89,4,24,2,Normal,Good
OLE-0049,OLE,26-07-2023,26-07-2023,Actual,Tech Failure,ATM Network,29.96,1,0.69,0.52,1,2.7,16,1,Normal,Good
OLE-0469,OLE,29-01-2022,29-01-2022,Actual,Cyber-Fraud,ATM Network,56.01,1,0.97,1.46,1,2.6,20,1,Normal,Good
ALE-0024,ALE,Synth-2022,Null,Synthetic,Phishing,Retail Banking,179.33,3,1.42,1.29,0.86,3.2,26,0,Normal,Good
OLE-0156,OLE,19-02-2022,19-02-2022,Actual,System Failure,ATM Network,27.66,5,0.78,1.41,1,3.7,22,2,Normal,Good
ALE-0133,ALE,Synth-2022,Null,Synthetic,Tech Failure,Retail Banking,63.68,2,1.56,2.02,2.51,3.8,25,2,Normal,Good
ALE-0319,ALE,Synth-2022,Null,Synthetic,Phishing,ATM Network,70.9,4,1.29,1.33,0.98,2.7,18,2,Normal,Good
ALE-0499,ALE,Synth-2022,Null,Synthetic,Cyber-Fraud,Retail Banking,159.63,4,1.54,1.21,0.82,3.4,26,1,Normal,Good
ALE-0734,ALE,Synth-2022,Null,Synthetic,System Failure,E-Banking,115.84,4,2.13,2.62,2.24,3.6,18,1,Normal,Good
ALE-0502,ALE,Synth-2022,Null,Synthetic,System Failure,E-Banking,113.03,2,0.84,2.51,2.43,2.5,29,1,Normal,Good
ALE-1051,ALE,Synth-2022,Null,Synthetic,Phishing,Payments,191.44,3,1.59,3.1,2.78,3.3,21,0,Normal,Good
OLE-0856,OLE,31-12-2022,31-12-2022,Actual,Tech Failure,ATM Network,47.41,1,0.58,0.7,1,2.6,16,2,Normal,Good
OLE-0501,OLE,26-08-2022,26-08-2022,Actual,System Failure,Retail Banking,20.43,2,1.46,0.93,1,3.4,20,1,Normal,Good
ALE-1139,ALE,Synth-2022,Null,Synthetic,System Failure,ATM Network,149.72,2,2.37,1.95,1.94,3.3,18,0,Normal,Good
OLE-0180,OLE,23-05-2023,23-05-2023,Actual,Tech Failure,ATM Network,24.13,2,1.06,1.14,1,3.7,22,2,Normal,Good
ALE-0336,ALE,Synth-2022,Null,Synthetic,Data Breach,Payments,179.78,2,0.97,3.01,2.17,2.7,22,1,Normal,Good
ALE-1129,ALE,Synth-2022,Null,Synthetic,Data Breach,Payments,65.27,3,1.47,2.49,1.96,2.5,25,2,Normal,Good
ALE-0152,ALE,Synth-2022,Null,Synthetic,System Failure,Payments,180.39,5,2.98,1.43,1.32,2.6,18,0,Normal,Good
OLE-0179,OLE,31-12-2023,31-12-2023,Actual,Tech Failure,Payments,71.68,2,0.87,1.19,1,3.6,19,1,Normal,Good
ALE-0904,ALE,Synth-2022,Null,Synthetic,Tech Failure,Payments,10,2,2.63,1.24,1.41,4,22,2,Normal,Good
ALE-0606,ALE,Synth-2022,Null,Synthetic,Cyber-Fraud,E-Banking,127.49,5,2.57,2.89,2.87,2.6,25,0,Normal,Good
ALE-0971,ALE,Synth-2022,Null,Synthetic,Phishing,Retail Banking,99.79,5,0.97,2.18,1.86,3.8,25,2,Normal,Good
ALE-0081,ALE,Synth-2022,Null,Synthetic,Phishing,E-Banking,120.11,4,1.91,3.43,3.45,3.7,24,1,Normal,Good
ALE-0975,ALE,Synth-2022,Null,Synthetic,Tech Failure,E-Banking,266.36,4,2.47,2.7,2.51,3.4,27,2,Normal,Good
OLE-0529,OLE,03-10-2023,03-10-2023,Actual,Cyber-Fraud,E-Banking,53.47,3,0.81,0.56,1,2.8,19,2,Normal,Good
OLE-0347,OLE,09-11-2023,09-11-2023,Actual,Tech Failure,Payments,57.86,1,0.92,1.37,1,3.1,20,0,Normal,Good
ALE-0719,ALE,Synth-2022,Null,Synthetic,Phishing,E-Banking,279.38,2,2.19,1.93,2.01,3.8,20,2,Normal,Good
ALE-1269,ALE,Synth-2022,Null,Synthetic,Tech Failure,Online Services,235.73,2,0.9,1.56,1.45,2.8,18,0,Normal,Good
OLE-0210,OLE,30-07-2022,30-07-2022,Actual,System Failure,Retail Banking,28.25,4,0.96,1.38,1,3.5,24,0,Normal,Good
ALE-0881,ALE,Synth-2022,Null,Synthetic,System Failure,Payments,68.41,1,1.63,3.13,3.07,3.4,23,1,Normal,Good
OLE-0386,OLE,15-12-2023,15-12-2023,Actual,Data Breach,Payments,10.96,4,0.44,1.43,1,3.5,22,1,Normal,Good
ALE-0207,ALE,Synth-2022,Null,Synthetic,Phishing,Online Services,97.25,4,1.64,2.23,1.5,3,21,2,Normal,Good
ALE-0978,ALE,Synth-2022,Null,Synthetic,Data Breach,Payments,185.73,3,1.73,3.31,2.88,3.1,26,1,Normal,Good
OLE-0602,OLE,01-11-2022,01-11-2022,Actual,System Failure,Payments,101.96,2,0.88,0.57,1,3.3,21,2,Normal,Good
ALE-1212,ALE,Synth-2022,Null,Synthetic,Cyber-Fraud,ATM Network,117.77,3,2.13,1.48,1.25,2.5,19,2,Normal,Good
OLE-0244,OLE,27-07-2022,27-07-2022,Actual,Data Breach,E-Banking,27.47,3,0.62,1.02,1,2.9,23,1,Normal,Good
ALE-0664,ALE,Synth-2022,Null,Synthetic,Tech Failure,Payments,66.26,5,1.7,1.64,1.24,2.7,20,2,Normal,Good
OLE-0803,OLE,27-12-2023,27-12-2023,Actual,System Failure,Retail Banking,57.03,5,0.52,1.08,1,2.7,17,1,Normal,Good
ALE-0079,ALE,Synth-2022,Null,Synthetic,System Failure,Online Services,275.35,1,2.59,3.4,2.4,3.9,29,1,Normal,Good
ALE-0584,ALE,Synth-2022,Null,Synthetic,Phishing,Payments,176.22,4,1.75,1.75,1.42,2.8,29,0,Normal,Good
ALE-0817,ALE,Synth-2022,Null,Synthetic,Cyber-Fraud,Retail Banking,22.94,3,1.27,2.78,1.89,3.2,28,1,Normal,Good
OLE-0313,OLE,20-06-2022,20-06-2022,Actual,Tech Failure,ATM Network,75.45,4,0.85,1.48,1,3.7,23,0,Normal,Good
OLE-0436,OLE,08-03-2022,08-03-2022,Actual,Cyber-Fraud,ATM Network,5,5,0.41,0.57,1,3.8,16,0,Normal,Good
ALE-1239,ALE,Synth-2022,Null,Synthetic,Data Breach,ATM Network,80.57,5,2.31,2,1.73,3.9,21,2,Normal,Good
OLE-0137,OLE,11-10-2023,11-10-2023,Actual,Tech Failure,ATM Network,78.51,1,1.49,1.13,1,3.3,14,1,Normal,Good
OLE-0309,OLE,15-06-2023,15-06-2023,Actual,Tech Failure,Payments,91.08,1,0.59,0.71,1,3.1,23,2,Normal,Good
ALE-0111,ALE,Synth-2022,Null,Synthetic,Phishing,Payments,98.93,2,0.96,3.39,3.54,3.9,27,0,Normal,Good
OLE-0431,OLE,14-08-2023,14-08-2023,Actual,System Failure,Retail Banking,47.5,5,0.42,0.9,1,3.6,24,1,Normal,Good
OLE-0661,OLE,09-05-2023,09-05-2023,Actual,Tech Failure,ATM Network,84.49,4,0.43,0.7,1,4,22,0,Normal,Good
ALE-0261,ALE,Synth-2022,Null,Synthetic,Cyber-Fraud,Payments,40.31,4,1.69,1.52,1.32,2.7,27,0,Normal,Good
ALE-0832,ALE,Synth-2022,Null,Synthetic,Phishing,Online Services,182.28,4,2.35,3.03,2.37,2.8,26,0,Normal,Good
OLE-0371,OLE,11-01-2023,11-01-2023,Actual,System Failure,ATM Network,44.13,1,1.1,0.91,1,3.1,15,2,Normal,Good
OLE-0567,OLE,31-05-2023,31-05-2023,Actual,Tech Failure,Payments,5,1,1.29,0.6,1,3.7,16,0,Normal,Good
ALE-0092,ALE,Synth-2022,Null,Synthetic,Phishing,Payments,10,3,2.35,2.75,2.56,2.5,23,2,Normal,Good
ALE-0374,ALE,Synth-2022,Null,Synthetic,System Failure,Online Services,99.22,4,1.65,1.56,1.21,2.7,25,0,Normal,Good
ALE-1111,ALE,Synth-2022,Null,Synthetic,Phishing,ATM Network,122.93,5,2.28,3.14,3.22,3.8,15,0,Normal,Good
OLE-0825,OLE,10-06-2023,10-06-2023,Actual,System Failure,E-Banking,5.12,2,1.32,1.3,1,2.9,16,0,Normal,Good
ALE-0125,ALE,Synth-2022,Null,Synthetic,Data Breach,Payments,285.14,2,1.75,1.73,1.49,2.9,15,2,Normal,Good
OLE-0182,OLE,13-07-2023,13-07-2023,Actual,Cyber-Fraud,ATM Network,65.39,5,1.29,1.31,1,3.8,16,1,Normal,Good
ALE-0218,ALE,Synth-2022,Null,Synthetic,Data Breach,ATM Network,301,4,2.39,2.96,3.43,3.3,28,1,Normal,Good
OLE-0622,OLE,10-04-2023,10-04-2023,Actual,Cyber-Fraud,ATM Network,44.67,1,1.2,0.74,1,2.7,20,1,Normal,Good
ALE-0186,ALE,Synth-2022,Null,Synthetic,Cyber-Fraud,ATM Network,215.1,2,1.25,1.77,1.18,2.7,15,2,Normal,Good
ALE-0490,ALE,Synth-2022,Null,Synthetic,Data Breach,ATM Network,146.95,3,1.61,2.18,2.07,3.7,16,1,Normal,Good
ALE-1225,ALE,Synth-2022,Null,Synthetic,Phishing,ATM Network,190.58,2,1.81,1.66,1.21,2.7,17,2,Normal,Good
OLE-0814,OLE,10-07-2022,10-07-2022,Actual,System Failure,Payments,78.74,2,1.44,0.57,1,3.2,20,0,Normal,Good
ALE-0758,ALE,Synth-2022,Null,Synthetic,Data Breach,E-Banking,38.14,5,2,2.81,1.93,3.5,25,1,Normal,Good
OLE-0407,OLE,03-12-2022,03-12-2022,Actual,Data Breach,Retail Banking,78.55,4,0.81,1.33,1,3.7,14,0,Normal,Good
OLE-0779,OLE,22-05-2022,22-05-2022,Actual,Data Breach,ATM Network,58.93,5,0.66,1.25,1,2.8,20,0,Normal,Good
ALE-0363,ALE,Synth-2022,Null,Synthetic,Data Breach,E-Banking,209.62,2,1.35,2.68,2.7,3.3,16,0,Normal,Good
OLE-0297,OLE,08-01-2023,08-01-2023,Actual,System Failure,ATM Network,58.42,1,0.86,1.37,1,2.8,16,1,Normal,Good
ALE-0636,ALE,Synth-2022,Null,Synthetic,Tech Failure,Payments,97.54,5,1.92,3.05,2.35,3.1,28,2,Normal,Good
OLE-0462,OLE,10-09-2022,10-09-2022,Actual,Tech Failure,ATM Network,17.9,2,0.76,0.72,1,3.2,24,2,Normal,Good
ALE-1138,ALE,Synth-2022,Null,Synthetic,Data Breach,E-Banking,144.85,5,2.45,2.07,1.47,3.1,17,0,Normal,Good
ALE-0474,ALE,Synth-2022,Null,Synthetic,System Failure,E-Banking,72.3,2,1.97,1.66,1.66,3.6,23,0,Normal,Good
ALE-0156,ALE,Synth-2022,Null,Synthetic,Data Breach,Retail Banking,19.13,3,1.58,2.68,2.76,2.7,29,0,Normal,Good
ALE-0500,ALE,Synth-2022,Null,Synthetic,Cyber-Fraud,E-Banking,105.65,4,2.15,2.9,2.17,3.9,17,2,Normal,Good
ALE-0696,ALE,Synth-2022,Null,Synthetic,Data Breach,Payments,158.61,4,2.73,1.43,1.46,3.6,15,1,Normal,Good
OLE-0127,OLE,21-04-2022,21-04-2022,Actual,System Failure,Payments,58.5,4,1.49,0.57,1,2.6,16,1,Normal,Good
ALE-0030,ALE,Synth-2022,Null,Synthetic,Cyber-Fraud,E-Banking,71.38,3,2.46,3.3,2.78,3.3,21,1,Normal,Good
ALE-0150,ALE,Synth-2022,Null,Synthetic,Tech Failure,Online Services,197.48,5,1.1,2.78,1.93,3.4,16,0,Normal,Good
OLE-0356,OLE,03-03-2023,03-03-2023,Actual,System Failure,Retail Banking,90.95,2,0.92,1.2,1,3.9,15,0,Normal,Good
ALE-0845,ALE,Synth-2022,Null,Synthetic,Tech Failure,E-Banking,129.59,4,2.95,2.04,2.16,3.9,15,2,Normal,Good
OLE-0683,OLE,22-07-2023,22-07-2023,Actual,System Failure,Retail Banking,14.98,2,0.48,1.32,1,2.9,16,2,Normal,Good
ALE-0883,ALE,Synth-2022,Null,Synthetic,System Failure,Retail Banking,151.69,5,2.29,2.92,3.32,2.8,24,2,Normal,Good
ALE-0233,ALE,Synth-2022,Null,Synthetic,Tech Failure,E-Banking,304.82,3,1.12,2.89,2.37,3.5,27,2,Normal,Good
ALE-0127,ALE,Synth-2022,Null,Synthetic,System Failure,Payments,235.16,4,2.88,1.97,1.65,2.6,18,1,Normal,Good
ALE-1110,ALE,Synth-2022,Null,Synthetic,Cyber-Fraud,E-Banking,112.46,2,1.91,2.97,2.1,2.7,23,0,Normal,Good
OLE-0141,OLE,13-10-2022,13-10-2022,Actual,System Failure,E-Banking,16.39,3,1.37,0.94,1,3.4,16,1,Normal,Good
ALE-1125,ALE,Synth-2022,Null,Synthetic,Phishing,E-Banking,74.65,1,1.63,2.36,2.76,3.5,28,2,Normal,Good
ALE-0662,ALE,Synth-2022,Null,Synthetic,Phishing,Online Services,149.16,1,1.98,2.49,2.33,2.9,23,2,Normal,Good
ALE-0411,ALE,Synth-2022,Null,Synthetic,Phishing,Payments,10,2,2.82,2.1,1.51,2.5,28,2,Normal,Good
ALE-0926,ALE,Synth-2022,Null,Synthetic,Phishing,Payments,124.24,5,0.84,1.28,1.12,2.9,18,1,Normal,Good
ALE-0388,ALE,Synth-2022,Null,Synthetic,System Failure,ATM Network,157.62,3,2.65,1.92,1.38,3.1,21,2,Normal,Good
ALE-0307,ALE,Synth-2022,Null,Synthetic,System Failure,Retail Banking,250.07,2,2.55,2.03,1.39,3.3,24,0,Normal,Good
ALE-0766,ALE,Synth-2022,Null,Synthetic,Tech Failure,ATM Network,123.46,1,2.3,2,2.11,3.1,22,2,Normal,Good
OLE-0712,OLE,18-05-2023,18-05-2023,Actual,Data Breach,Retail Banking,15.85,4,0.56,1.31,1,2.8,19,2,Normal,Good
ALE-0216,ALE,Synth-2022,Null,Synthetic,Phishing,ATM Network,188.54,1,0.85,1.33,1.59,3.9,25,0,Normal,Good
ALE-1045,ALE,Synth-2022,Null,Synthetic,Phishing,Retail Banking,87.42,1,2.04,1.23,1.13,2.6,25,0,Normal,Good
OLE-0011,OLE,05-07-2023,05-07-2023,Actual,Cyber-Fraud,E-Banking,5,4,0.45,0.63,1,2.7,15,1,Normal,Good
ALE-0522,ALE,Synth-2022,Null,Synthetic,Data Breach,Payments,107.21,4,1.77,1.58,1.06,2.6,19,2,Normal,Good
ALE-0498,ALE,Synth-2022,Null,Synthetic,Cyber-Fraud,E-Banking,84.97,3,2.72,2.19,2.01,3.6,17,1,Normal,Good
OLE-0755,OLE,23-10-2023,23-10-2023,Actual,Cyber-Fraud,Payments,82.9,4,1.1,1.34,1,2.8,23,2,Normal,Good
OLE-0627,OLE,02-09-2022,02-09-2022,Actual,Data Breach,Retail Banking,78.19,4,1.29,0.64,1,3.6,23,0,Normal,Good
ALE-1174,ALE,Synth-2022,Null,Synthetic,System Failure,Retail Banking,270.21,1,1.09,2,1.48,3.4,28,0,Normal,Good
OLE-0130,OLE,04-04-2023,04-04-2023,Actual,Cyber-Fraud,Payments,34.53,1,1.35,0.5,1,2.8,15,1,Normal,Good
OLE-0844,OLE,23-12-2023,23-12-2023,Actual,Tech Failure,ATM Network,69.69,2,0.37,1.02,1,2.7,14,0,Normal,Good
OLE-0324,OLE,14-04-2022,14-04-2022,Actual,Data Breach,E-Banking,17.84,3,0.86,0.94,1,3.2,19,0,Normal,Good
ALE-0890,ALE,Synth-2022,Null,Synthetic,Phishing,E-Banking,143.35,3,1.45,1.79,1.68,3,16,0,Normal,Good
OLE-0015,OLE,14-08-2023,14-08-2023,Actual,System Failure,Retail Banking,83.17,3,1.43,1.33,1,3.5,22,1,Normal,Good
ALE-0660,ALE,Synth-2022,Null,Synthetic,Phishing,Retail Banking,145.73,4,1.37,1.97,1.75,3.9,25,2,Normal,Good
OLE-0216,OLE,10-07-2023,10-07-2023,Actual,Tech Failure,Retail Banking,51.82,4,0.95,0.56,1,3.5,23,0,Normal,Good
ALE-0330,ALE,Synth-2022,Null,Synthetic,System Failure,E-Banking,152.61,3,2.02,3.28,2.69,3.2,29,0,Normal,Good
ALE-0572,ALE,Synth-2022,Null,Synthetic,Phishing,Online Services,43.68,5,2.23,1.71,1.99,3,16,2,Normal,Good
ALE-1085,ALE,Synth-2022,Null,Synthetic,Data Breach,Payments,83.35,1,1.86,3.18,2.23,3.9,15,0,Normal,Good
ALE-0007,ALE,Synth-2022,Null,Synthetic,Tech Failure,ATM Network,133.69,1,2.67,2.15,2.45,2.6,20,1,Normal,Good
OLE-0517,OLE,28-03-2023,28-03-2023,Actual,System Failure,E-Banking,62.72,4,0.93,0.67,1,2.8,20,0,Normal,Good
OLE-0598,OLE,26-02-2022,26-02-2022,Actual,System Failure,ATM Network,18.81,1,0.71,1.3,1,2.6,24,0,Normal,Good
OLE-0196,OLE,28-11-2022,28-11-2022,Actual,System Failure,E-Banking,81.8,5,0.44,0.54,1,3.3,24,0,Normal,Good
OLE-0289,OLE,11-12-2023,11-12-2023,Actual,System Failure,E-Banking,61.23,1,0.8,1.23,1,3.8,23,1,Normal,Good
ALE-0093,ALE,Synth-2022,Null,Synthetic,Data Breach,Online Services,299.35,2,2.61,2.6,2.34,3.9,19,2,Normal,Good
ALE-0483,ALE,Synth-2022,Null,Synthetic,System Failure,Retail Banking,112,4,2.03,1.63,1.46,3.4,28,0,Normal,Good
ALE-0706,ALE,Synth-2022,Null,Synthetic,Phishing,Retail Banking,213.17,2,1.23,2.68,2.39,3.7,28,2,Normal,Good
OLE-0550,OLE,06-04-2022,06-04-2022,Actual,System Failure,Payments,54.73,4,1.44,1.24,1,3.4,24,0,Normal,Good
OLE-0157,OLE,28-03-2023,28-03-2023,Actual,System Failure,ATM Network,81.44,4,1.11,0.78,1,3,23,1,Normal,Good
OLE-0420,OLE,26-02-2022,26-02-2022,Actual,System Failure,E-Banking,28.27,3,1.46,0.64,1,2.7,24,0,Normal,Good
ALE-0065,ALE,Synth-2022,Null,Synthetic,Cyber-Fraud,ATM Network,192.38,3,1.43,2.17,1.73,2.5,28,1,Normal,Good
OLE-0478,OLE,27-02-2023,27-02-2023,Actual,System Failure,ATM Network,31.18,1,0.79,1.48,1,2.8,19,2,Normal,Good
ALE-0762,ALE,Synth-2022,Null,Synthetic,Data Breach,Online Services,82.6,4,0.89,2.17,1.93,3.7,20,1,Normal,Good
OLE-0554,OLE,05-11-2022,05-11-2022,Actual,Tech Failure,Payments,74.74,2,0.74,1.29,1,3.9,20,1,Normal,Good
OLE-0391,OLE,01-12-2022,01-12-2022,Actual,Tech Failure,E-Banking,41.34,5,0.94,1.04,1,2.9,17,2,Normal,Good
OLE-0579,OLE,06-11-2023,06-11-2023,Actual,System Failure,E-Banking,55.58,1,1.02,1.2,1,2.9,16,1,Normal,Good
ALE-1074,ALE,Synth-2022,Null,Synthetic,Data Breach,Online Services,181.87,4,0.83,2.44,2.03,3.9,15,0,Normal,Good
ALE-0892,ALE,Synth-2022,Null,Synthetic,System Failure,Payments,211.2,2,2.69,1.74,1.28,2.8,20,0,Normal,Good
ALE-1077,ALE,Synth-2022,Null,Synthetic,Data Breach,Payments,167.43,2,1.62,2.6,2.62,3.5,23,1,Normal,Good
OLE-0821,OLE,30-09-2022,30-09-2022,Actual,Cyber-Fraud,ATM Network,60.83,1,0.58,1.36,1,3,18,0,Normal,Good
ALE-1200,ALE,Synth-2022,Null,Synthetic,System Failure,ATM Network,182.6,3,2.02,2.5,1.9,2.9,23,0,Normal,Good
ALE-0149,ALE,Synth-2022,Null,Synthetic,Data Breach,Payments,254.34,3,1.28,2.21,1.64,3.7,17,0,Normal,Good
ALE-1181,ALE,Synth-2022,Null,Synthetic,Tech Failure,ATM Network,203.08,4,2.04,1.38,1.1,3.3,15,1,Normal,Good
OLE-0665,OLE,18-01-2023,18-01-2023,Actual,Tech Failure,ATM Network,59.7,5,1.24,1.2,1,3.8,19,0,Normal,Good
ALE-0849,ALE,Synth-2022,Null,Synthetic,Cyber-Fraud,Online Services,234.97,4,1.91,1.82,1.55,3.8,24,1,Normal,Good
OLE-0143,OLE,26-07-2022,26-07-2022,Actual,Data Breach,Retail Banking,23.12,3,1.19,1.01,1,3.5,19,1,Normal,Good
ALE-0863,ALE,Synth-2022,Null,Synthetic,Data Breach,Retail Banking,173.89,3,2.63,2.87,2.12,2.9,20,0,Normal,Good
ALE-0484,ALE,Synth-2022,Null,Synthetic,System Failure,ATM Network,167.99,1,1.44,2,1.51,3.8,18,0,Normal,Good
OLE-0422,OLE,12-07-2022,12-07-2022,Actual,System Failure,Retail Banking,39.68,2,0.6,1.15,1,2.8,22,1,Normal,Good
OLE-0800,OLE,20-03-2023,20-03-2023,Actual,System Failure,ATM Network,83.22,5,0.7,1.02,1,4,14,2,Normal,Good
OLE-0616,OLE,03-08-2022,03-08-2022,Actual,Tech Failure,ATM Network,82.72,3,1.12,1.07,1,3.4,24,0,Normal,Good
OLE-0296,OLE,06-04-2022,06-04-2022,Actual,Cyber-Fraud,Retail Banking,42.96,1,1.11,0.91,1,3.8,24,1,Normal,Good
OLE-0402,OLE,19-05-2022,19-05-2022,Actual,Cyber-Fraud,E-Banking,78.48,1,1.26,1.22,1,3.5,20,2,Normal,Good
OLE-0089,OLE,16-04-2022,16-04-2022,Actual,Cyber-Fraud,Retail Banking,33.44,3,0.38,1.08,1,3.3,17,1,Normal,Good
ALE-0651,ALE,Synth-2022,Null,Synthetic,System Failure,Payments,120.16,3,2.34,1.25,0.89,3.5,26,0,Normal,Good
ALE-1256,ALE,Synth-2022,Null,Synthetic,Data Breach,Retail Banking,36.08,5,1.81,2.15,2.23,3.7,28,0,Normal,Good
OLE-0132,OLE,21-08-2023,21-08-2023,Actual,System Failure,E-Banking,46.39,2,1.46,0.63,1,3.6,16,2,Normal,Good
ALE-0294,ALE,Synth-2022,Null,Synthetic,Tech Failure,Payments,173.82,2,1.37,2.25,2.74,3.1,28,1,Normal,Good
ALE-0359,ALE,Synth-2022,Null,Synthetic,System Failure,Retail Banking,28.29,4,2.93,3.11,3.11,3,27,1,Normal,Good
ALE-0668,ALE,Synth-2022,Null,Synthetic,Data Breach,ATM Network,74.42,2,1.92,2.8,3.19,3.3,17,2,Normal,Good
ALE-1134,ALE,Synth-2022,Null,Synthetic,Cyber-Fraud,E-Banking,172.59,2,0.86,2.97,3.39,2.5,25,1,Normal,Good
OLE-0725,OLE,29-03-2022,29-03-2022,Actual,System Failure,Retail Banking,63.57,3,1.26,0.84,1,3.7,14,2,Normal,Good
ALE-0799,ALE,Synth-2022,Null,Synthetic,Data Breach,Payments,139.26,3,1.81,1.96,2.15,2.8,24,2,Normal,Good
OLE-0270,OLE,09-10-2023,09-10-2023,Actual,System Failure,ATM Network,45.77,3,1.17,0.51,1,3.4,14,2,Normal,Good
ALE-0687,ALE,Synth-2022,Null,Synthetic,Cyber-Fraud,Payments,95.76,3,2.94,2.77,2.54,3.6,17,2,Normal,Good
ALE-0060,ALE,Synth-2022,Null,Synthetic,Tech Failure,Online Services,63.13,3,1.52,1.3,1.13,3.3,24,0,Normal,Good
ALE-0809,ALE,Synth-2022,Null,Synthetic,System Failure,Payments,141.48,2,1.07,2.64,3.3,2.5,15,2,Normal,Good
ALE-1146,ALE,Synth-2022,Null,Synthetic,Cyber-Fraud,Retail Banking,194.78,1,2.91,1.21,1.45,2.7,20,0,Normal,Good
OLE-0376,OLE,21-03-2022,21-03-2022,Actual,Tech Failure,Payments,91.21,5,1.29,1.07,1,3.5,16,1,Normal,Good
OLE-0334,OLE,03-04-2022,03-04-2022,Actual,Data Breach,Payments,50.04,4,0.56,1.19,1,3.4,22,2,Normal,Good
ALE-0457,ALE,Synth-2022,Null,Synthetic,Cyber-Fraud,Online Services,103.62,4,1.64,2.56,2.04,3.2,26,0,Normal,Good
ALE-1135,ALE,Synth-2022,Null,Synthetic,System Failure,E-Banking,70.95,4,2.48,3.36,3.82,3.6,29,1,Normal,Good
ALE-0053,ALE,Synth-2022,Null,Synthetic,Cyber-Fraud,ATM Network,171.67,1,0.94,2.68,2.21,3.8,17,2,Normal,Good
OLE-0777,OLE,27-05-2023,27-05-2023,Actual,Data Breach,ATM Network,89.22,1,1.13,1.49,1,2.9,24,2,Normal,Good
ALE-0421,ALE,Synth-2022,Null,Synthetic,Phishing,ATM Network,199.05,2,1.87,3.11,2.12,3.5,18,2,Normal,Good
OLE-0329,OLE,29-08-2023,29-08-2023,Actual,Data Breach,Payments,65.69,3,0.84,0.95,1,3.5,19,2,Normal,Good
ALE-1052,ALE,Synth-2022,Null,Synthetic,System Failure,Online Services,10,1,2.2,2.55,2.65,3.5,28,0,Normal,Good
OLE-0013,OLE,13-02-2023,13-02-2023,Actual,Data Breach,ATM Network,82.19,2,1.09,1.48,1,3.1,15,1,Normal,Good
ALE-0040,ALE,Synth-2022,Null,Synthetic,Cyber-Fraud,Retail Banking,135.22,5,2.49,3.34,2.28,3.1,24,2,Normal,Good
OLE-0172,OLE,24-10-2022,24-10-2022,Actual,Data Breach,Payments,83.82,3,0.46,1.09,1,3.4,19,0,Normal,Good
OLE-0261,OLE,31-03-2022,31-03-2022,Actual,Tech Failure,Payments,61.72,3,0.62,0.79,1,3.5,19,1,Normal,Good
ALE-0966,ALE,Synth-2022,Null,Synthetic,System Failure,E-Banking,162.83,3,2.36,2.54,2.71,2.6,15,2,Normal,Good
ALE-0745,ALE,Synth-2022,Null,Synthetic,Data Breach,Online Services,127.79,5,1.81,3.29,2.31,3.9,19,1,Normal,Good
ALE-0044,ALE,Synth-2022,Null,Synthetic,Phishing,Payments,189.3,2,2.77,3.44,2.45,2.7,28,1,Normal,Good
OLE-0259,OLE,12-10-2022,12-10-2022,Actual,Data Breach,E-Banking,49.18,2,0.52,1.47,1,2.7,22,0,Normal,Good
OLE-0845,OLE,04-07-2023,04-07-2023,Actual,Data Breach,Retail Banking,72.86,5,0.69,1.44,1,3,16,2,Normal,Good
OLE-0139,OLE,27-05-2023,27-05-2023,Actual,Tech Failure,Retail Banking,25.76,4,0.44,0.59,1,3.9,17,2,Normal,Good
OLE-0320,OLE,09-10-2023,09-10-2023,Actual,Tech Failure,Retail Banking,34.89,4,1.09,0.73,1,2.5,21,1,Normal,Good
ALE-0874,ALE,Synth-2022,Null,Synthetic,Tech Failure,Online Services,155.86,5,1.17,2.54,2.23,3.6,22,2,Normal,Good
ALE-0969,ALE,Synth-2022,Null,Synthetic,Data Breach,ATM Network,151.88,1,0.95,3.45,2.8,2.8,25,0,Normal,Good
ALE-0475,ALE,Synth-2022,Null,Synthetic,System Failure,Payments,89.39,4,2.43,2.58,3.07,3.7,15,0,Normal,Good
OLE-0559,OLE,08-08-2023,08-08-2023,Actual,System Failure,ATM Network,19.59,2,1.1,1.01,1,3.1,21,1,Normal,Good
OLE-0140,OLE,10-07-2023,10-07-2023,Actual,Tech Failure,Payments,28.54,1,0.38,1.46,1,2.5,20,2,Normal,Good
ALE-1105,ALE,Synth-2022,Null,Synthetic,System Failure,E-Banking,97.63,4,1.38,3.35,2.99,2.7,25,1,Normal,Good
OLE-0532,OLE,16-02-2022,16-02-2022,Actual,System Failure,Retail Banking,20.73,3,1.06,0.62,1,2.6,16,1,Normal,Good
OLE-0225,OLE,21-04-2023,21-04-2023,Actual,Data Breach,ATM Network,21.31,2,1.23,1,1,2.5,23,0,Normal,Good
OLE-0724,OLE,13-11-2023,13-11-2023,Actual,System Failure,Payments,80.7,1,0.39,0.69,1,3.2,24,0,Normal,Good
ALE-1086,ALE,Synth-2022,Null,Synthetic,Phishing,E-Banking,217.71,3,1.65,3.37,2.37,3.3,25,0,Normal,Good
ALE-1187,ALE,Synth-2022,Null,Synthetic,Phishing,Online Services,250.01,4,1.82,1.4,1.67,3.1,18,0,Normal,Good
OLE-0326,OLE,04-02-2022,04-02-2022,Actual,Data Breach,Payments,48.14,3,0.5,1,1,3.5,22,0,Normal,Good
ALE-1185,ALE,Synth-2022,Null,Synthetic,Cyber-Fraud,Payments,121.68,5,0.93,3.17,2.15,3.5,17,2,Normal,Good
ALE-0371,ALE,Synth-2022,Null,Synthetic,Phishing,E-Banking,103.71,1,1.83,2.13,1.91,4,16,0,Normal,Good
OLE-0715,OLE,12-01-2023,12-01-2023,Actual,Tech Failure,Payments,53.67,2,0.32,1.04,1,3.2,19,1,Normal,Good
OLE-0847,OLE,26-09-2023,26-09-2023,Actual,System Failure,Retail Banking,78.95,1,0.7,1.34,1,3,19,1,Normal,Good
OLE-0194,OLE,15-06-2023,15-06-2023,Actual,System Failure,E-Banking,77.91,5,1.42,1.33,1,2.7,22,2,Normal,Good
OLE-0574,OLE,22-03-2023,22-03-2023,Actual,System Failure,Payments,50.85,1,1.05,0.56,1,3,21,0,Normal,Good
ALE-0089,ALE,Synth-2022,Null,Synthetic,Phishing,Payments,237.57,1,2.19,2.23,2.39,3.3,20,1,Normal,Good
OLE-0504,OLE,13-12-2023,13-12-2023,Actual,Cyber-Fraud,ATM Network,51.37,1,1.09,1.14,1,2.5,14,0,Normal,Good
ALE-1027,ALE,Synth-2022,Null,Synthetic,Cyber-Fraud,Online Services,53.62,4,2.33,2.97,2.19,2.6,17,0,Normal,Good
ALE-0461,ALE,Synth-2022,Null,Synthetic,Tech Failure,Retail Banking,153.14,3,1.27,1.82,1.8,3.3,27,0,Normal,Good
ALE-1165,ALE,Synth-2022,Null,Synthetic,System Failure,Retail Banking,189.16,2,1.93,2.43,2.14,3.5,29,1,Normal,Good
OLE-0004,OLE,09-02-2023,09-02-2023,Actual,System Failure,E-Banking,41.14,3,1.36,0.94,1,3,23,1,Normal,Good
ALE-0445,ALE,Synth-2022,Null,Synthetic,Cyber-Fraud,ATM Network,125.11,4,2.52,3,2.58,3.8,18,0,Normal,Good
OLE-0468,OLE,12-07-2022,12-07-2022,Actual,Data Breach,E-Banking,30.94,2,0.47,1.01,1,2.6,21,2,Normal,Good
OLE-0006,OLE,14-07-2022,14-07-2022,Actual,Cyber-Fraud,E-Banking,15.64,5,0.73,1.03,1,3.7,21,2,Normal,Good
ALE-0701,ALE,Synth-2022,Null,Synthetic,Cyber-Fraud,Retail Banking,136.98,4,0.98,1.76,1.31,3.3,23,0,Normal,Good
OLE-0548,OLE,26-06-2023,26-06-2023,Actual,System Failure,Payments,82.47,2,1.19,1.05,1,3.8,21,1,Normal,Good
OLE-0229,OLE,21-09-2022,21-09-2022,Actual,System Failure,Retail Banking,28.07,3,0.37,0.94,1,2.9,14,1,Normal,Good
ALE-0206,ALE,Synth-2022,Null,Synthetic,Tech Failure,E-Banking,191.07,2,2.67,3.15,3,3.7,20,2,Normal,Good
OLE-0543,OLE,12-10-2022,12-10-2022,Actual,Data Breach,Retail Banking,31.57,2,0.98,1.43,1,3.4,24,0,Normal,Good
OLE-0243,OLE,24-03-2023,24-03-2023,Actual,Cyber-Fraud,Payments,71.16,5,0.48,0.88,1,3.1,23,1,Normal,Good
ALE-0041,ALE,Synth-2022,Null,Synthetic,System Failure,Payments,74.48,1,1.45,2.33,2.1,3.6,18,1,Normal,Good
ALE-0429,ALE,Synth-2022,Null,Synthetic,Tech Failure,ATM Network,152.67,3,2.73,3.26,2.58,3,25,0,Normal,Good
ALE-0303,ALE,Synth-2022,Null,Synthetic,System Failure,E-Banking,127.09,1,2.38,3.37,2.88,3.3,17,0,Normal,Good
ALE-0907,ALE,Synth-2022,Null,Synthetic,Data Breach,Online Services,164.59,2,2.7,2.8,3.48,3.4,28,2,Normal,Good
ALE-0376,ALE,Synth-2022,Null,Synthetic,System Failure,E-Banking,102.19,2,1.01,2.37,2.59,3.1,17,0,Normal,Good
OLE-0843,OLE,02-09-2022,02-09-2022,Actual,Cyber-Fraud,ATM Network,54.41,4,0.92,1.48,1,3.9,19,1,Normal,Good
ALE-0755,ALE,Synth-2022,Null,Synthetic,Tech Failure,E-Banking,170.11,1,1.96,2.15,2.18,4,26,2,Normal,Good
ALE-0452,ALE,Synth-2022,Null,Synthetic,Phishing,Online Services,51.39,5,1.46,1.24,0.87,2.8,25,0,Normal,Good
OLE-0277,OLE,11-06-2022,11-06-2022,Actual,Data Breach,Payments,83.21,5,0.79,1.37,1,3.5,19,1,Normal,Good
OLE-0662,OLE,30-04-2022,30-04-2022,Actual,Data Breach,Payments,58.9,1,1.02,0.77,1,2.5,16,0,Normal,Good
ALE-0511,ALE,Synth-2022,Null,Synthetic,Cyber-Fraud,ATM Network,210.72,2,1.47,2.84,3.39,3.2,22,1,Normal,Good
OLE-0315,OLE,23-06-2023,23-06-2023,Actual,Tech Failure,Retail Banking,78.06,5,1.06,1.36,1,3.7,22,1,Normal,Good
OLE-0692,OLE,27-09-2022,27-09-2022,Actual,Data Breach,Payments,28.55,3,0.77,1.39,1,3.7,17,1,Normal,Good
ALE-1092,ALE,Synth-2022,Null,Synthetic,Phishing,Online Services,36.07,2,1.94,3.06,2.78,3.6,28,1,Normal,Good
OLE-0425,OLE,14-03-2023,14-03-2023,Actual,Cyber-Fraud,E-Banking,80.22,2,0.36,1.39,1,3.4,20,0,Normal,Good
OLE-0595,OLE,15-11-2022,15-11-2022,Actual,System Failure,Retail Banking,111.82,2,1.21,0.89,1,3.4,15,2,Normal,Good
ALE-1270,ALE,Synth-2022,Null,Synthetic,Cyber-Fraud,Payments,132.64,4,2.74,3.36,3.23,2.9,26,0,Normal,Good
OLE-0623,OLE,16-03-2022,16-03-2022,Actual,Data Breach,E-Banking,64.79,3,1.15,1.15,1,3.8,15,1,Normal,Good
ALE-0731,ALE,Synth-2022,Null,Synthetic,Cyber-Fraud,E-Banking,180.96,1,1.88,1.49,1.85,3.5,28,0,Normal,Good
ALE-1250,ALE,Synth-2022,Null,Synthetic,Data Breach,E-Banking,270.96,5,2.27,2.03,1.72,3.2,25,2,Normal,Good
OLE-0228,OLE,03-12-2022,03-12-2022,Actual,Tech Failure,Payments,36.44,3,1.45,0.99,1,3.3,20,0,Normal,Good
ALE-0413,ALE,Synth-2022,Null,Synthetic,Tech Failure,ATM Network,138.87,2,1.47,2.45,3.01,3.3,23,1,Normal,Good
ALE-0312,ALE,Synth-2022,Null,Synthetic,Phishing,Retail Banking,198.5,5,1.38,2.21,2.69,3.7,15,0,Normal,Good
ALE-0652,ALE,Synth-2022,Null,Synthetic,System Failure,E-Banking,134.57,2,1.68,3.47,2.52,3.2,25,1,Normal,Good
ALE-0390,ALE,Synth-2022,Null,Synthetic,System Failure,Retail Banking,216.55,2,1.03,2.33,1.74,2.8,26,2,Normal,Good
OLE-0067,OLE,11-09-2023,11-09-2023,Actual,Data Breach,Retail Banking,52.66,5,0.36,0.54,1,3.6,14,0,Normal,Good
OLE-0025,OLE,11-12-2023,11-12-2023,Actual,Cyber-Fraud,ATM Network,53.13,4,1.42,0.85,1,2.7,17,0,Normal,Good
OLE-0145,OLE,01-10-2022,01-10-2022,Actual,Cyber-Fraud,ATM Network,43.39,3,0.84,0.97,1,3.4,19,0,Normal,Good
OLE-0537,OLE,05-07-2023,05-07-2023,Actual,Data Breach,Retail Banking,34.63,5,1.3,1.15,1,3.1,14,1,Normal,Good
OLE-0812,OLE,04-05-2022,04-05-2022,Actual,System Failure,Retail Banking,74.33,5,1.08,1.28,1,3.7,17,1,Normal,Good
ALE-0415,ALE,Synth-2022,Null,Synthetic,System Failure,Online Services,133.52,4,1.47,1.45,1.28,3.5,21,0,Normal,Good
OLE-0086,OLE,13-08-2023,13-08-2023,Actual,Data Breach,Payments,57.09,3,1.31,0.97,1,3.3,23,2,Normal,Good
ALE-0653,ALE,Synth-2022,Null,Synthetic,Phishing,Payments,113.2,2,1.69,1.24,0.9,3,28,0,Normal,Good
ALE-0481,ALE,Synth-2022,Null,Synthetic,Cyber-Fraud,Payments,156.54,3,1.23,3.44,3.79,2.9,20,2,Normal,Good
ALE-0623,ALE,Synth-2022,Null,Synthetic,Tech Failure,Online Services,147.8,1,2.2,3.24,2.95,3,20,0,Normal,Good
ALE-1186,ALE,Synth-2022,Null,Synthetic,Tech Failure,Payments,244.93,2,1.6,2.69,2.8,3.3,25,0,Normal,Good
ALE-1195,ALE,Synth-2022,Null,Synthetic,Data Breach,Retail Banking,173.31,4,1.82,2.72,2.01,3.6,24,0,Normal,Good
ALE-0699,ALE,Synth-2022,Null,Synthetic,System Failure,Retail Banking,257.56,3,1.19,2.98,2.04,2.7,27,2,Normal,Good
ALE-1257,ALE,Synth-2022,Null,Synthetic,System Failure,Payments,133.7,1,2.24,2.72,2.16,2.7,19,1,Normal,Good
OLE-0363,OLE,28-10-2022,28-10-2022,Actual,Cyber-Fraud,Payments,52.94,1,0.64,0.92,1,2.9,18,2,Normal,Good
ALE-0967,ALE,Synth-2022,Null,Synthetic,Phishing,E-Banking,270.9,1,2.42,3.33,2.99,2.8,25,1,Normal,Good
ALE-0450,ALE,Synth-2022,Null,Synthetic,Tech Failure,ATM Network,147.61,2,1.83,2.21,1.99,3.1,24,0,Normal,Good
ALE-0169,ALE,Synth-2022,Null,Synthetic,System Failure,Payments,174.76,1,1.54,1.45,1.47,3.8,18,2,Normal,Good
ALE-0173,ALE,Synth-2022,Null,Synthetic,Phishing,Online Services,207.41,4,1.03,3.37,2.48,2.8,24,1,Normal,Good
ALE-0869,ALE,Synth-2022,Null,Synthetic,System Failure,ATM Network,117.62,4,0.97,2.32,2.45,2.8,20,1,Normal,Good
ALE-0680,ALE,Synth-2022,Null,Synthetic,System Failure,E-Banking,218.78,1,2.96,1.34,0.94,3.7,28,0,Normal,Good
ALE-0716,ALE,Synth-2022,Null,Synthetic,Cyber-Fraud,Payments,125.52,1,1.76,3.43,2.34,3.7,18,2,Normal,Good
OLE-0666,OLE,18-09-2022,18-09-2022,Actual,Cyber-Fraud,ATM Network,88.51,4,1.32,0.79,1,3.5,14,2,Normal,Good
OLE-0365,OLE,03-07-2022,03-07-2022,Actual,Data Breach,E-Banking,14.83,2,1.04,1.1,1,3.3,19,1,Normal,Good
OLE-0078,OLE,12-12-2022,12-12-2022,Actual,Data Breach,ATM Network,32.51,4,0.36,0.82,1,3.6,22,1,Normal,Good
OLE-0028,OLE,26-11-2022,26-11-2022,Actual,System Failure,E-Banking,73.19,4,0.52,1.03,1,3.6,21,0,Normal,Good
ALE-0773,ALE,Synth-2022,Null,Synthetic,Data Breach,Payments,66.79,5,2.1,1.23,1.54,3.4,21,0,Normal,Good
OLE-0526,OLE,25-05-2023,25-05-2023,Actual,Cyber-Fraud,Payments,36.39,2,1.34,0.51,1,3.7,23,2,Normal,Good
OLE-0726,OLE,25-09-2023,25-09-2023,Actual,Cyber-Fraud,Payments,5,2,1.01,1.43,1,3.6,16,2,Normal,Good
OLE-0056,OLE,23-02-2023,23-02-2023,Actual,Cyber-Fraud,Payments,76.46,4,1.04,1.13,1,2.8,18,2,Normal,Good
OLE-0639,OLE,10-11-2022,10-11-2022,Actual,Tech Failure,Retail Banking,64.19,5,0.3,0.76,1,3.3,20,0,Normal,Good
OLE-0303,OLE,08-01-2022,08-01-2022,Actual,Tech Failure,E-Banking,23.45,4,1.17,1.16,1,3.6,24,1,Normal,Good
OLE-0719,OLE,22-07-2022,22-07-2022,Actual,System Failure,Retail Banking,68.49,5,0.85,1.25,1,2.7,15,1,Normal,Good
OLE-0625,OLE,28-02-2022,28-02-2022,Actual,Cyber-Fraud,Retail Banking,30.53,3,1.45,0.75,1,3,17,2,Normal,Good
OLE-0008,OLE,27-07-2023,27-07-2023,Actual,Data Breach,E-Banking,61.39,5,1.07,0.72,1,2.8,24,0,Normal,Good
OLE-0804,OLE,11-08-2023,11-08-2023,Actual,Tech Failure,Retail Banking,78.63,4,0.44,1.16,1,3,23,2,Normal,Good
ALE-0192,ALE,Synth-2022,Null,Synthetic,Phishing,Online Services,89.82,3,2.9,2.81,2.97,2.5,24,0,Normal,Good
OLE-0337,OLE,21-03-2023,21-03-2023,Actual,Tech Failure,Retail Banking,35.27,4,0.83,1.03,1,4,22,2,Normal,Good
OLE-0048,OLE,18-07-2022,18-07-2022,Actual,Cyber-Fraud,E-Banking,92.06,2,1.05,1.17,1,3.3,19,2,Normal,Good
ALE-0823,ALE,Synth-2022,Null,Synthetic,Data Breach,Payments,263.17,2,1.25,2.94,2.16,3.3,26,0,Normal,Good
OLE-0107,OLE,14-01-2023,14-01-2023,Actual,Cyber-Fraud,E-Banking,56.02,1,1.48,0.73,1,3.1,24,0,Normal,Good
OLE-0350,OLE,07-04-2023,07-04-2023,Actual,System Failure,Retail Banking,85.19,1,1.24,0.75,1,3.9,24,0,Normal,Good
ALE-0222,ALE,Synth-2022,Null,Synthetic,Data Breach,Payments,231.15,3,2.37,2.78,2.72,2.9,23,0,Normal,Good
OLE-0239,OLE,16-07-2023,16-07-2023,Actual,Tech Failure,Retail Banking,60.43,1,1.01,0.56,1,3,22,1,Normal,Good
OLE-0214,OLE,01-06-2023,01-06-2023,Actual,Data Breach,Payments,62.99,4,1.04,1.4,1,3.8,24,0,Normal,Good
ALE-0287,ALE,Synth-2022,Null,Synthetic,Phishing,Payments,91.55,5,2.03,2.64,3.04,3.9,27,0,Normal,Good
ALE-0563,ALE,Synth-2022,Null,Synthetic,Tech Failure,Online Services,165.54,1,1.1,2.56,2.51,2.6,29,1,Normal,Good
ALE-0739,ALE,Synth-2022,Null,Synthetic,System Failure,ATM Network,174.77,4,0.89,1.38,0.97,3.7,23,2,Normal,Good
OLE-0794,OLE,07-12-2022,07-12-2022,Actual,Cyber-Fraud,Retail Banking,5,1,1.48,1.34,1,2.6,16,2,Normal,Good
ALE-0239,ALE,Synth-2022,Null,Synthetic,System Failure,Online Services,150.55,3,2.13,3.1,2.82,2.9,27,0,Normal,Good
ALE-0477,ALE,Synth-2022,Null,Synthetic,System Failure,Online Services,150.55,4,2.99,2.34,2.53,3.3,24,2,Normal,Good
ALE-0609,ALE,Synth-2022,Null,Synthetic,System Failure,E-Banking,109.19,5,2.83,1.98,1.72,3.2,16,2,Normal,Good
ALE-0935,ALE,Synth-2022,Null,Synthetic,System Failure,Online Services,293.64,2,2.66,2.38,1.76,2.8,22,0,Normal,Good
ALE-1034,ALE,Synth-2022,Null,Synthetic,Phishing,Online Services,248.76,4,2.22,1.9,1.33,3.4,26,1,Normal,Good
OLE-0524,OLE,17-01-2022,17-01-2022,Actual,Cyber-Fraud,ATM Network,65.64,4,0.91,0.85,1,3.1,14,1,Normal,Good
OLE-0233,OLE,26-03-2022,26-03-2022,Actual,Cyber-Fraud,E-Banking,100.51,3,0.81,0.83,1,3.8,20,2,Normal,Good
OLE-0645,OLE,30-08-2023,30-08-2023,Actual,Cyber-Fraud,Payments,5,2,0.62,0.93,1,4,20,0,Normal,Good
ALE-0854,ALE,Synth-2022,Null,Synthetic,Cyber-Fraud,Retail Banking,119.53,2,2.64,1.24,0.91,3.9,15,0,Normal,Good
OLE-0534,OLE,22-12-2022,22-12-2022,Actual,Cyber-Fraud,E-Banking,35.97,4,0.83,0.98,1,2.8,14,1,Normal,Good
ALE-0855,ALE,Synth-2022,Null,Synthetic,Cyber-Fraud,Online Services,140.26,1,2.08,2.4,2.33,3.3,22,2,Normal,Good
OLE-0604,OLE,28-12-2022,28-12-2022,Actual,Tech Failure,Payments,62.6,1,0.86,1.36,1,3,15,1,Normal,Good
ALE-1222,ALE,Synth-2022,Null,Synthetic,System Failure,Retail Banking,302.99,3,2.25,2.91,2.6,2.6,24,2,Normal,Good
ALE-0217,ALE,Synth-2022,Null,Synthetic,Tech Failure,E-Banking,169.25,2,2.24,3.4,4.24,2.9,23,2,Normal,Good
ALE-0624,ALE,Synth-2022,Null,Synthetic,Tech Failure,E-Banking,179.65,3,1.06,1.89,1.28,3.4,22,2,Normal,Good
OLE-0061,OLE,22-09-2022,22-09-2022,Actual,Data Breach,ATM Network,14.17,5,1.45,0.99,1,2.7,24,2,Normal,Good
ALE-0574,ALE,Synth-2022,Null,Synthetic,Tech Failure,Payments,206.13,1,2.44,1.7,2.02,2.7,29,1,Normal,Good
OLE-0093,OLE,07-12-2023,07-12-2023,Actual,Data Breach,ATM Network,64.4,3,1.22,1.23,1,2.9,14,0,Normal,Good
OLE-0667,OLE,24-06-2022,24-06-2022,Actual,Tech Failure,Payments,14.16,3,0.56,1.12,1,2.6,14,2,Normal,Good
ALE-0404,ALE,Synth-2022,Null,Synthetic,Cyber-Fraud,Payments,176.11,1,2.94,1.33,1.11,3.8,20,0,Normal,Good
ALE-0977,ALE,Synth-2022,Null,Synthetic,Phishing,ATM Network,216.84,1,1.03,1.38,1.14,2.8,18,0,Normal,Good
OLE-0281,OLE,12-04-2022,12-04-2022,Actual,Cyber-Fraud,Payments,72.12,5,0.49,0.57,1,2.8,18,1,Normal,Good
ALE-0513,ALE,Synth-2022,Null,Synthetic,System Failure,Retail Banking,221.34,3,2.06,3.26,2.88,3.9,26,1,Normal,Good
OLE-0360,OLE,15-09-2022,15-09-2022,Actual,System Failure,E-Banking,74.39,2,0.56,0.84,1,3.2,22,0,Normal,Good
ALE-0424,ALE,Synth-2022,Null,Synthetic,Data Breach,E-Banking,238.38,1,2.88,2.11,2.22,3.1,18,1,Normal,Good
ALE-0612,ALE,Synth-2022,Null,Synthetic,Phishing,Retail Banking,139.53,4,1.4,2.57,1.89,2.7,29,2,Normal,Good
OLE-0848,OLE,31-08-2023,31-08-2023,Actual,Cyber-Fraud,ATM Network,75.88,4,0.57,1.43,1,3.9,16,0,Normal,Good
ALE-0349,ALE,Synth-2022,Null,Synthetic,System Failure,Retail Banking,69.1,4,2.54,3.24,3.25,3.2,22,0,Normal,Good
ALE-0705,ALE,Synth-2022,Null,Synthetic,Data Breach,Retail Banking,70.22,1,1.55,2.94,2.49,3.8,25,2,Normal,Good
OLE-0111,OLE,27-10-2023,27-10-2023,Actual,Tech Failure,E-Banking,53.85,4,1.21,1.02,1,2.8,18,2,Normal,Good
OLE-0043,OLE,09-04-2022,09-04-2022,Actual,System Failure,Payments,17.23,5,1.18,1.27,1,2.9,18,1,Normal,Good
OLE-0126,OLE,01-01-2022,01-01-2022,Actual,Data Breach,Retail Banking,110.45,4,1.19,0.61,1,3,21,2,Normal,Good
OLE-0205,OLE,10-03-2022,10-03-2022,Actual,Tech Failure,Payments,5,1,0.45,0.91,1,3.2,19,0,Normal,Good
OLE-0053,OLE,19-10-2023,19-10-2023,Actual,Tech Failure,ATM Network,71.77,5,0.32,1.1,1,3,16,0,Normal,Good
OLE-0546,OLE,04-04-2022,04-04-2022,Actual,Tech Failure,Payments,16.79,1,0.4,0.65,1,2.9,14,0,Normal,Good
OLE-0069,OLE,17-07-2022,17-07-2022,Actual,Data Breach,Payments,57.07,4,1.23,1.16,1,2.8,24,1,Normal,Good
ALE-0432,ALE,Synth-2022,Null,Synthetic,System Failure,Online Services,39.03,5,1.81,3.28,3.02,3.3,16,1,Normal,Good
ALE-0896,ALE,Synth-2022,Null,Synthetic,Phishing,Retail Banking,10,2,1.7,1.84,1.5,3.5,15,1,Normal,Good
OLE-0184,OLE,12-03-2022,12-03-2022,Actual,Tech Failure,E-Banking,23.82,3,0.96,1.13,1,3.4,15,0,Normal,Good
OLE-0138,OLE,05-07-2023,05-07-2023,Actual,Cyber-Fraud,E-Banking,101.32,4,1,1.5,1,3.8,18,0,Normal,Good
ALE-0042,ALE,Synth-2022,Null,Synthetic,Cyber-Fraud,Online Services,153.59,2,1.18,1.81,1.57,2.7,18,2,Normal,Good
OLE-0797,OLE,26-09-2022,26-09-2022,Actual,Cyber-Fraud,ATM Network,29.23,2,1.45,1.18,1,3.9,18,2,Normal,Good
OLE-0133,OLE,27-05-2023,27-05-2023,Actual,Tech Failure,ATM Network,72.16,4,1.48,1.12,1,3.3,20,0,Normal,Good
OLE-0081,OLE,14-01-2023,14-01-2023,Actual,Tech Failure,Retail Banking,66.97,5,0.41,1.08,1,3.8,18,2,Normal,Good
ALE-0827,ALE,Synth-2022,Null,Synthetic,Phishing,Payments,190.81,2,2.59,3.01,2.12,3.3,26,0,Normal,Good
ALE-0888,ALE,Synth-2022,Null,Synthetic,System Failure,Online Services,211.17,3,2.02,1.88,2,3,28,1,Normal,Good
OLE-0542,OLE,25-10-2022,25-10-2022,Actual,Cyber-Fraud,Payments,75.85,2,0.48,1.1,1,3.7,14,0,Normal,Good
ALE-0948,ALE,Synth-2022,Null,Synthetic,Cyber-Fraud,Retail Banking,235.54,3,1.38,1.98,2.26,3.5,15,1,Normal,Good
ALE-0126,ALE,Synth-2022,Null,Synthetic,Data Breach,Online Services,50.45,5,0.95,2.65,1.81,3.3,21,1,Normal,Good
OLE-0166,OLE,13-01-2023,13-01-2023,Actual,Cyber-Fraud,E-Banking,82.13,5,0.65,1.46,1,3.1,19,0,Normal,Good
OLE-0249,OLE,28-06-2023,28-06-2023,Actual,Tech Failure,E-Banking,63.19,4,1.11,0.94,1,3.3,14,2,Normal,Good
OLE-0447,OLE,29-04-2022,29-04-2022,Actual,Tech Failure,Payments,19.21,4,0.78,1.26,1,3.2,24,1,Normal,Good
ALE-0444,ALE,Synth-2022,Null,Synthetic,Tech Failure,Retail Banking,232.17,4,2.29,1.35,1.33,2.9,22,2,Normal,Good
ALE-0001,ALE,Synth-2022,Null,Synthetic,Tech Failure,Online Services,80.29,4,2.71,1.6,1.15,3.8,25,0,Normal,Good
ALE-1148,ALE,Synth-2022,Null,Synthetic,Data Breach,Online Services,249.89,2,2.95,3.02,2.02,3.8,17,1,Normal,Good
OLE-0098,OLE,10-06-2022,10-06-2022,Actual,Cyber-Fraud,E-Banking,65.86,4,0.46,0.58,1,3.6,15,2,Normal,Good
OLE-0806,OLE,17-07-2023,17-07-2023,Actual,Data Breach,ATM Network,111.01,4,1.41,1,1,3.5,15,2,Normal,Good
OLE-0738,OLE,28-07-2023,28-07-2023,Actual,Tech Failure,ATM Network,43.27,2,0.43,1.35,1,3.3,21,1,Normal,Good
ALE-0566,ALE,Synth-2022,Null,Synthetic,System Failure,Payments,221.51,2,0.91,2.73,3.21,3.6,19,1,Normal,Good
OLE-0103,OLE,20-04-2023,20-04-2023,Actual,Cyber-Fraud,ATM Network,10.59,3,0.72,1.4,1,2.5,21,2,Normal,Good
OLE-0435,OLE,20-07-2023,20-07-2023,Actual,System Failure,E-Banking,36.91,4,0.42,0.68,1,4,21,2,Normal,Good
OLE-0075,OLE,25-09-2022,25-09-2022,Actual,System Failure,E-Banking,25.13,3,0.96,0.89,1,2.7,17,1,Normal,Good
ALE-1171,ALE,Synth-2022,Null,Synthetic,Tech Failure,E-Banking,237.97,5,1.87,1.7,1.93,3.2,28,1,Normal,Good
ALE-0501,ALE,Synth-2022,Null,Synthetic,Tech Failure,E-Banking,88.1,4,1.83,1.49,1.19,2.6,21,2,Normal,Good
ALE-0565,ALE,Synth-2022,Null,Synthetic,Data Breach,E-Banking,130.14,2,2.69,2.4,2.57,3.8,27,2,Normal,Good
ALE-0373,ALE,Synth-2022,Null,Synthetic,Phishing,Retail Banking,136.92,5,1.65,2.49,1.83,3.1,15,2,Normal,Good
ALE-0061,ALE,Synth-2022,Null,Synthetic,Tech Failure,ATM Network,178.41,1,2.24,2.1,2.24,3.6,19,0,Normal,Good
ALE-1080,ALE,Synth-2022,Null,Synthetic,Phishing,ATM Network,86.5,5,2.24,3.33,3.42,3.8,29,0,Normal,Good
ALE-1033,ALE,Synth-2022,Null,Synthetic,Phishing,Retail Banking,172.63,4,2.19,2.36,2.02,3.9,27,2,Normal,Good
ALE-0976,ALE,Synth-2022,Null,Synthetic,Phishing,ATM Network,169.84,2,1.67,1.44,1.04,3.3,21,0,Normal,Good
OLE-0763,OLE,20-09-2022,20-09-2022,Actual,Data Breach,E-Banking,33.38,5,0.75,0.87,1,3.3,14,0,Normal,Good
ALE-0132,ALE,Synth-2022,Null,Synthetic,System Failure,E-Banking,112.45,3,1.7,1.87,2.31,3.4,23,1,Normal,Good
OLE-0389,OLE,03-08-2022,03-08-2022,Actual,Tech Failure,Payments,68.31,4,1.13,1.15,1,2.8,16,1,Normal,Good
OLE-0236,OLE,04-07-2023,04-07-2023,Actual,Data Breach,Retail Banking,56.41,4,0.65,1.38,1,3.2,21,2,Normal,Good
ALE-0853,ALE,Synth-2022,Null,Synthetic,System Failure,Online Services,138.35,3,1.57,2.19,1.59,3.6,15,0,Normal,Good
OLE-0268,OLE,06-06-2022,06-06-2022,Actual,Cyber-Fraud,Retail Banking,45.75,1,0.56,1.23,1,3.4,19,1,Normal,Good
ALE-0485,ALE,Synth-2022,Null,Synthetic,Tech Failure,ATM Network,197.81,1,2.27,3.48,2.76,3.6,25,2,Normal,Good
OLE-0118,OLE,25-07-2022,25-07-2022,Actual,Data Breach,E-Banking,41.84,4,1.28,0.81,1,3.7,19,2,Normal,Good
ALE-0961,ALE,Synth-2022,Null,Synthetic,Cyber-Fraud,ATM Network,202.26,3,1.3,1.66,1.16,2.9,22,1,Normal,Good
OLE-0674,OLE,15-07-2023,15-07-2023,Actual,Tech Failure,Retail Banking,61.41,1,0.92,1.01,1,2.7,16,1,Normal,Good
OLE-0250,OLE,18-06-2022,18-06-2022,Actual,Tech Failure,Retail Banking,73.37,2,0.5,1.29,1,3.6,15,0,Normal,Good
ALE-0790,ALE,Synth-2022,Null,Synthetic,System Failure,ATM Network,202.6,1,1.33,2.77,3.22,2.9,22,1,Normal,Good
ALE-1286,ALE,Synth-2022,Null,Synthetic,System Failure,Retail Banking,172.05,4,2.38,1.84,1.42,3.3,29,1,Normal,Good
OLE-0095,OLE,27-05-2022,27-05-2022,Actual,Tech Failure,Payments,106.54,1,0.98,1.48,1,2.7,24,0,Normal,Good
OLE-0034,OLE,16-08-2023,16-08-2023,Actual,Tech Failure,ATM Network,58.37,4,1.34,0.72,1,2.6,18,2,Normal,Good
ALE-0802,ALE,Synth-2022,Null,Synthetic,Tech Failure,E-Banking,232.99,2,1.29,1.95,2.05,3.1,21,2,Normal,Good
ALE-1030,ALE,Synth-2022,Null,Synthetic,Tech Failure,Online Services,234.37,5,2.35,2.95,2.53,3.9,27,1,Normal,Good
OLE-0449,OLE,27-11-2022,27-11-2022,Actual,Cyber-Fraud,Payments,45.76,1,0.91,0.66,1,3.5,14,2,Normal,Good
OLE-0717,OLE,13-12-2022,13-12-2022,Actual,System Failure,ATM Network,18.62,5,0.56,1.11,1,2.6,16,1,Normal,Good
ALE-1088,ALE,Synth-2022,Null,Synthetic,Phishing,E-Banking,10,2,2.41,3.42,2.5,3.9,26,1,Normal,Good
ALE-1175,ALE,Synth-2022,Null,Synthetic,Data Breach,Payments,166.92,3,2.15,1.36,0.97,2.9,15,0,Normal,Good
OLE-0001,OLE,11-02-2023,11-02-2023,Actual,Cyber-Fraud,E-Banking,59.71,5,0.82,0.6,1,3.1,21,2,Normal,Good
ALE-0702,ALE,Synth-2022,Null,Synthetic,Phishing,E-Banking,181.19,2,2.71,2.23,1.5,3.9,20,1,Normal,Good
ALE-0244,ALE,Synth-2022,Null,Synthetic,Cyber-Fraud,Online Services,141.65,2,1.93,2.46,2.99,2.8,29,1,Normal,Good
ALE-0251,ALE,Synth-2022,Null,Synthetic,Cyber-Fraud,E-Banking,229.52,4,2.63,2.63,2.08,2.8,24,2,Normal,Good
ALE-0530,ALE,Synth-2022,Null,Synthetic,Data Breach,ATM Network,147.56,5,1.42,2.35,2.83,2.8,19,0,Normal,Good
OLE-0083,OLE,23-08-2023,23-08-2023,Actual,Data Breach,E-Banking,24.33,2,1.09,0.81,1,3.6,20,2,Normal,Good
ALE-0602,ALE,Synth-2022,Null,Synthetic,System Failure,ATM Network,162.02,2,1.34,3.42,4.24,3.8,24,1,Normal,Good
OLE-0677,OLE,22-11-2022,22-11-2022,Actual,System Failure,Payments,42.18,4,0.98,1.33,1,4,18,1,Normal,Good
ALE-0788,ALE,Synth-2022,Null,Synthetic,System Failure,Retail Banking,198.39,1,2.12,1.38,1.38,3,27,2,Normal,Good
ALE-0189,ALE,Synth-2022,Null,Synthetic,System Failure,Online Services,276.93,3,0.87,1.52,1.24,2.8,22,0,Normal,Good
OLE-0771,OLE,12-03-2023,12-03-2023,Actual,Tech Failure,ATM Network,41.37,2,0.95,0.96,1,3.9,20,2,Normal,Good
ALE-0518,ALE,Synth-2022,Null,Synthetic,Cyber-Fraud,Retail Banking,79.19,1,1.2,1.23,0.92,3.8,18,2,Normal,Good
ALE-0594,ALE,Synth-2022,Null,Synthetic,Tech Failure,Payments,140.43,4,1.71,2.17,1.68,3.9,27,2,Normal,Good
ALE-0933,ALE,Synth-2022,Null,Synthetic,System Failure,Online Services,134.79,5,2.7,1.58,1.93,2.6,15,1,Normal,Good
ALE-0833,ALE,Synth-2022,Null,Synthetic,Phishing,Retail Banking,189.5,5,2.75,1.4,1.26,3.8,19,0,Normal,Good
OLE-0405,OLE,04-06-2022,04-06-2022,Actual,Cyber-Fraud,Payments,5,5,1.18,1.45,1,3.7,24,2,Normal,Good
ALE-1097,ALE,Synth-2022,Null,Synthetic,Data Breach,ATM Network,76.81,2,2.43,1.93,1.45,2.5,15,0,Normal,Good
ALE-0615,ALE,Synth-2022,Null,Synthetic,System Failure,ATM Network,126.96,4,1.4,1.64,1.16,3.6,16,1,Normal,Good
ALE-1167,ALE,Synth-2022,Null,Synthetic,System Failure,Online Services,57.17,2,2.54,1.84,1.33,3.5,15,1,Normal,Good
OLE-0105,OLE,13-04-2023,13-04-2023,Actual,Data Breach,ATM Network,73.83,2,0.53,0.84,1,3,18,0,Normal,Good
OLE-0689,OLE,21-05-2022,21-05-2022,Actual,System Failure,Retail Banking,33.01,5,0.47,1.16,1,3.6,15,1,Normal,Good
ALE-1281,ALE,Synth-2022,Null,Synthetic,Data Breach,Payments,199.92,1,2.36,1.33,1.07,3.6,27,2,Normal,Good
OLE-0827,OLE,05-09-2022,05-09-2022,Actual,System Failure,Payments,19.65,5,1.01,1.39,1,3.8,19,0,Normal,Good
ALE-0383,ALE,Synth-2022,Null,Synthetic,Data Breach,Retail Banking,54.07,5,1.26,3.27,2.8,2.7,15,2,Normal,Good
OLE-0063,OLE,14-02-2023,14-02-2023,Actual,Cyber-Fraud,Retail Banking,85.05,3,0.75,0.89,1,3.2,18,1,Normal,Good
ALE-0448,ALE,Synth-2022,Null,Synthetic,System Failure,E-Banking,49.02,3,0.87,2.75,2.54,3.2,22,1,Normal,Good
OLE-0853,OLE,10-11-2023,10-11-2023,Actual,System Failure,E-Banking,76.35,1,0.39,1.04,1,3.8,24,1,Normal,Good
ALE-0941,ALE,Synth-2022,Null,Synthetic,Cyber-Fraud,Payments,153.11,5,2.58,1.63,1.72,3,27,1,Normal,Good
ALE-0405,ALE,Synth-2022,Null,Synthetic,Data Breach,Payments,158.55,5,1.14,2.12,2.01,3.3,20,1,Normal,Good
OLE-0224,OLE,12-12-2022,12-12-2022,Actual,Cyber-Fraud,Payments,89.51,2,0.87,1.22,1,2.9,14,2,Normal,Good
OLE-0146,OLE,30-09-2022,30-09-2022,Actual,Tech Failure,Payments,5,1,0.56,0.54,1,2.7,23,2,Normal,Good
ALE-0231,ALE,Synth-2022,Null,Synthetic,Cyber-Fraud,Online Services,165.34,2,2.25,1.88,1.98,2.7,17,0,Normal,Good
OLE-0374,OLE,08-08-2023,08-08-2023,Actual,System Failure,Payments,18.3,5,0.89,0.8,1,3.4,22,0,Normal,Good
ALE-0757,ALE,Synth-2022,Null,Synthetic,Cyber-Fraud,Online Services,97.65,4,1.11,1.43,1.63,3.4,15,1,Normal,Good
ALE-0285,ALE,Synth-2022,Null,Synthetic,System Failure,ATM Network,10,5,2.22,1.97,1.48,3.5,24,2,Normal,Good
ALE-1201,ALE,Synth-2022,Null,Synthetic,Data Breach,Retail Banking,120.95,3,1.8,2.26,2.05,3.3,26,1,Normal,Good
ALE-1009,ALE,Synth-2022,Null,Synthetic,Data Breach,ATM Network,154.51,3,1.14,1.77,1.55,3.6,26,2,Normal,Good
ALE-0417,ALE,Synth-2022,Null,Synthetic,Data Breach,Payments,70.12,2,1.93,2.21,1.91,3.5,29,1,Normal,Good
ALE-0408,ALE,Synth-2022,Null,Synthetic,Data Breach,Online Services,159.19,1,2.61,2.49,1.69,2.8,17,0,Normal,Good
ALE-0955,ALE,Synth-2022,Null,Synthetic,Phishing,ATM Network,89.98,4,1.83,2.12,2.37,3.5,15,1,Normal,Good
ALE-0608,ALE,Synth-2022,Null,Synthetic,Phishing,ATM Network,251.47,1,2.36,2.66,2.94,3.6,28,1,Normal,Good
OLE-0010,OLE,01-08-2022,01-08-2022,Actual,Data Breach,ATM Network,23.16,2,0.69,1.47,1,3.4,21,2,Normal,Good
OLE-0450,OLE,15-12-2022,15-12-2022,Actual,System Failure,Payments,90.21,4,0.78,0.62,1,3.8,16,1,Normal,Good
OLE-0709,OLE,28-11-2023,28-11-2023,Actual,Tech Failure,Retail Banking,41.8,5,0.49,1.29,1,3.4,14,0,Normal,Good
OLE-0256,OLE,07-01-2023,07-01-2023,Actual,Tech Failure,Retail Banking,62.26,4,0.79,0.57,1,3.7,15,0,Normal,Good
ALE-0025,ALE,Synth-2022,Null,Synthetic,Tech Failure,E-Banking,124.51,5,2.64,1.3,1.35,3.8,22,0,Normal,Good
OLE-0390,OLE,15-08-2023,15-08-2023,Actual,Tech Failure,Payments,54.71,4,1.28,1.11,1,3.1,24,1,Normal,Good
ALE-0632,ALE,Synth-2022,Null,Synthetic,Phishing,ATM Network,23.72,2,1.56,3.42,2.99,2.7,20,0,Normal,Good
ALE-0051,ALE,Synth-2022,Null,Synthetic,System Failure,Payments,89.35,5,2.47,2.59,2.16,2.6,25,0,Normal,Good
ALE-0067,ALE,Synth-2022,Null,Synthetic,Data Breach,ATM Network,219.78,4,2.06,2.13,2.02,2.8,18,2,Normal,Good
ALE-1071,ALE,Synth-2022,Null,Synthetic,Cyber-Fraud,Online Services,155.37,2,2.3,1.91,1.6,3.9,21,2,Normal,Good
ALE-0536,ALE,Synth-2022,Null,Synthetic,Data Breach,ATM Network,69.37,5,1.01,2.01,1.45,2.6,24,2,Normal,Good
OLE-0461,OLE,23-01-2022,23-01-2022,Actual,Cyber-Fraud,E-Banking,44.75,4,0.33,0.62,1,2.7,20,2,Normal,Good
ALE-0580,ALE,Synth-2022,Null,Synthetic,Phishing,Payments,128.5,4,1.62,2.66,3.27,3.6,20,0,Normal,Good
ALE-1068,ALE,Synth-2022,Null,Synthetic,Tech Failure,E-Banking,143.03,4,1.87,2.22,2.19,4,18,0,Normal,Good
ALE-0311,ALE,Synth-2022,Null,Synthetic,Phishing,ATM Network,244.65,1,2.91,3.09,2.21,2.8,15,0,Normal,Good
ALE-0101,ALE,Synth-2022,Null,Synthetic,Phishing,ATM Network,60.86,1,1.93,1.66,1.62,3.4,22,1,Normal,Good
OLE-0502,OLE,03-03-2023,03-03-2023,Actual,Tech Failure,Payments,41.48,3,0.67,0.93,1,3.5,18,2,Normal,Good
OLE-0740,OLE,11-04-2022,11-04-2022,Actual,System Failure,ATM Network,64.38,4,0.95,0.55,1,2.6,24,2,Normal,Good
OLE-0041,OLE,26-08-2022,26-08-2022,Actual,Cyber-Fraud,Retail Banking,28.85,4,0.41,1.46,1,3.5,22,2,Normal,Good
ALE-0011,ALE,Synth-2022,Null,Synthetic,Tech Failure,Online Services,85.61,4,2.08,2.73,1.9,3,29,0,Normal,Good
OLE-0732,OLE,03-06-2022,03-06-2022,Actual,System Failure,ATM Network,47.23,2,1.35,0.85,1,3.6,21,2,Normal,Good
OLE-0540,OLE,27-06-2022,27-06-2022,Actual,Cyber-Fraud,Retail Banking,81.8,5,0.71,1.13,1,2.8,15,0,Normal,Good
ALE-0344,ALE,Synth-2022,Null,Synthetic,Data Breach,Retail Banking,123.54,4,1.15,2.74,2.06,2.7,27,0,Normal,Good
ALE-0482,ALE,Synth-2022,Null,Synthetic,Phishing,Online Services,178.24,2,1.19,3.19,2.67,3.9,15,0,Normal,Good
OLE-0698,OLE,21-12-2023,21-12-2023,Actual,Tech Failure,ATM Network,37.4,5,0.34,1.04,1,2.6,15,1,Normal,Good
ALE-0724,ALE,Synth-2022,Null,Synthetic,Data Breach,Payments,206.49,3,1.34,3.05,2.48,3.1,20,0,Normal,Good
ALE-0704,ALE,Synth-2022,Null,Synthetic,System Failure,Online Services,56.28,5,1.45,2.37,1.87,2.5,29,2,Normal,Good
ALE-1154,ALE,Synth-2022,Null,Synthetic,Cyber-Fraud,E-Banking,141.11,1,2.92,3.35,2.4,3.9,25,0,Normal,Good
ALE-0288,ALE,Synth-2022,Null,Synthetic,Cyber-Fraud,ATM Network,101.11,5,2.04,1.31,1.58,2.9,15,0,Normal,Good
ALE-0174,ALE,Synth-2022,Null,Synthetic,System Failure,E-Banking,63.85,4,1.08,2.76,2.3,3.2,23,2,Normal,Good
OLE-0373,OLE,22-11-2023,22-11-2023,Actual,Tech Failure,Payments,34.13,1,1.34,1.32,1,2.8,14,1,Normal,Good
OLE-0668,OLE,18-05-2022,18-05-2022,Actual,Data Breach,ATM Network,58.57,2,1.21,1,1,3.9,24,0,Normal,Good
ALE-0873,ALE,Synth-2022,Null,Synthetic,Cyber-Fraud,Payments,160.96,5,1.02,1.54,1.19,3.6,25,2,Normal,Good
OLE-0358,OLE,16-09-2022,16-09-2022,Actual,System Failure,Retail Banking,105.58,4,1.1,0.97,1,3.7,18,2,Normal,Good
ALE-0110,ALE,Synth-2022,Null,Synthetic,Data Breach,Payments,186.29,4,1.55,1.22,1.07,2.5,23,0,Normal,Good
OLE-0784,OLE,20-11-2023,20-11-2023,Actual,Cyber-Fraud,Payments,75.49,1,1.45,1.37,1,3.6,19,2,Normal,Good
OLE-0736,OLE,19-02-2023,19-02-2023,Actual,Tech Failure,Retail Banking,54.36,4,1.17,0.62,1,3.4,24,0,Normal,Good
ALE-0496,ALE,Synth-2022,Null,Synthetic,System Failure,Retail Banking,85.69,1,2.74,2.67,3.15,2.9,23,1,Normal,Good
ALE-0178,ALE,Synth-2022,Null,Synthetic,System Failure,Retail Banking,204.09,5,1.54,1.96,2.41,2.7,16,0,Normal,Good
ALE-0113,ALE,Synth-2022,Null,Synthetic,System Failure,Payments,202.75,3,2.57,1.61,1.09,3.1,16,2,Normal,Good
ALE-0992,ALE,Synth-2022,Null,Synthetic,Tech Failure,Online Services,79.52,2,1.5,1.49,1.31,3.3,27,0,Normal,Good
ALE-0864,ALE,Synth-2022,Null,Synthetic,System Failure,ATM Network,293.39,3,1.72,1.88,1.66,2.6,20,0,Normal,Good
ALE-1141,ALE,Synth-2022,Null,Synthetic,Data Breach,Retail Banking,38,3,2.95,1.37,1.37,2.9,27,0,Normal,Good
ALE-0934,ALE,Synth-2022,Null,Synthetic,Data Breach,Online Services,141.27,4,2.15,1.5,1.21,2.6,17,1,Normal,Good
ALE-0871,ALE,Synth-2022,Null,Synthetic,Phishing,Online Services,189.52,2,1.04,1.82,2.19,3.1,16,1,Normal,Good
ALE-0471,ALE,Synth-2022,Null,Synthetic,Tech Failure,Payments,41.51,4,2.72,2.84,2.35,2.6,16,2,Normal,Good
ALE-0675,ALE,Synth-2022,Null,Synthetic,Cyber-Fraud,ATM Network,57.4,4,2.35,3.42,3.39,3.6,26,2,Normal,Good
ALE-0835,ALE,Synth-2022,Null,Synthetic,Phishing,E-Banking,180.98,5,1.24,1.34,1.39,3.1,17,1,Normal,Good
ALE-1001,ALE,Synth-2022,Null,Synthetic,Cyber-Fraud,Payments,95.19,1,2.74,2.6,1.85,2.5,29,0,Normal,Good
ALE-0395,ALE,Synth-2022,Null,Synthetic,Phishing,Online Services,150.82,1,0.97,2.95,2.44,2.6,23,1,Normal,Good
ALE-1060,ALE,Synth-2022,Null,Synthetic,Tech Failure,Retail Banking,161.15,3,1.47,3.18,3.92,2.9,29,2,Normal,Good
ALE-1084,ALE,Synth-2022,Null,Synthetic,System Failure,Online Services,131.12,4,2.69,3.2,2.83,3.3,28,0,Normal,Good
ALE-0379,ALE,Synth-2022,Null,Synthetic,System Failure,Online Services,239.64,1,2.44,1.31,1.37,3.6,27,2,Normal,Good
ALE-0028,ALE,Synth-2022,Null,Synthetic,Phishing,ATM Network,152.21,4,2.57,1.35,1.05,3.4,29,0,Normal,Good
OLE-0080,OLE,29-06-2022,29-06-2022,Actual,Cyber-Fraud,E-Banking,59.01,4,1.18,1.04,1,3.4,21,2,Normal,Good
ALE-0315,ALE,Synth-2022,Null,Synthetic,Tech Failure,Retail Banking,203.94,4,2.12,2.3,1.58,2.6,16,2,Normal,Good
OLE-0815,OLE,08-03-2023,08-03-2023,Actual,Cyber-Fraud,E-Banking,46.94,3,1.02,1.2,1,2.6,24,2,Normal,Good
ALE-0599,ALE,Synth-2022,Null,Synthetic,Tech Failure,Online Services,212.02,5,0.87,3.09,2.61,3,28,2,Normal,Good
OLE-0672,OLE,18-10-2022,18-10-2022,Actual,System Failure,E-Banking,5,2,1.39,0.67,1,4,15,0,Normal,Good
ALE-0879,ALE,Synth-2022,Null,Synthetic,Cyber-Fraud,Online Services,162.79,5,2.54,3.04,2.33,2.5,29,2,Normal,Good
OLE-0058,OLE,10-04-2023,10-04-2023,Actual,System Failure,Retail Banking,34.78,5,0.73,1.03,1,3.2,20,0,Normal,Good
OLE-0134,OLE,23-02-2023,23-02-2023,Actual,Cyber-Fraud,ATM Network,68.46,4,1.06,0.95,1,2.8,18,0,Normal,Good
ALE-0283,ALE,Synth-2022,Null,Synthetic,Phishing,Retail Banking,235.54,3,1.79,1.23,1.03,3.5,19,0,Normal,Good
ALE-0076,ALE,Synth-2022,Null,Synthetic,Data Breach,ATM Network,275.42,4,1.62,2.08,1.5,3.5,20,2,Normal,Good
ALE-1049,ALE,Synth-2022,Null,Synthetic,System Failure,Payments,124.06,2,1.63,3.18,3.33,2.7,22,0,Normal,Good
OLE-0824,OLE,26-11-2023,26-11-2023,Actual,Cyber-Fraud,ATM Network,69.77,5,1.27,0.79,1,3.4,20,2,Normal,Good
ALE-0575,ALE,Synth-2022,Null,Synthetic,Cyber-Fraud,Payments,10,4,1.83,2.97,3.4,3.7,15,0,Normal,Good
ALE-0691,ALE,Synth-2022,Null,Synthetic,System Failure,Online Services,10,2,2.32,2.5,2.93,2.7,28,2,Normal,Good
ALE-0357,ALE,Synth-2022,Null,Synthetic,Phishing,Payments,99.95,2,0.89,2.55,3.02,3.9,29,1,Normal,Good
OLE-0505,OLE,26-07-2022,26-07-2022,Actual,Cyber-Fraud,Retail Banking,41.99,3,0.6,0.82,1,3.7,23,0,Normal,Good
ALE-1151,ALE,Synth-2022,Null,Synthetic,System Failure,Online Services,187.33,3,1.08,2.35,1.87,3.8,29,0,Normal,Good
OLE-0348,OLE,27-06-2023,27-06-2023,Actual,Tech Failure,E-Banking,12.35,5,1.09,0.64,1,3.4,18,1,Normal,Good
OLE-0387,OLE,06-01-2023,06-01-2023,Actual,Tech Failure,Payments,49.2,4,0.6,1.15,1,3.4,17,0,Normal,Good
ALE-0167,ALE,Synth-2022,Null,Synthetic,Phishing,E-Banking,260.86,2,1.47,3.44,2.72,3.1,17,1,Normal,Good
ALE-0527,ALE,Synth-2022,Null,Synthetic,Cyber-Fraud,ATM Network,30.82,3,1.86,3,3.33,3.2,27,1,Normal,Good
ALE-0037,ALE,Synth-2022,Null,Synthetic,Data Breach,ATM Network,157.8,2,1.26,2.35,2.44,3.1,27,2,Normal,Good
OLE-0829,OLE,27-11-2022,27-11-2022,Actual,Data Breach,Payments,44.59,2,0.31,0.92,1,2.7,18,0,Normal,Good
ALE-1235,ALE,Synth-2022,Null,Synthetic,Data Breach,E-Banking,139.61,4,1.52,3.35,3.12,3.2,22,0,Normal,Good
OLE-0476,OLE,17-09-2023,17-09-2023,Actual,Tech Failure,Payments,84.03,2,0.96,0.98,1,3.9,15,2,Normal,Good
ALE-0811,ALE,Synth-2022,Null,Synthetic,System Failure,Payments,186.69,5,1.88,1.65,1.25,2.9,25,2,Normal,Good
ALE-0784,ALE,Synth-2022,Null,Synthetic,Data Breach,Retail Banking,31.11,4,2.23,2.28,1.9,3.1,18,1,Normal,Good
ALE-1246,ALE,Synth-2022,Null,Synthetic,Data Breach,ATM Network,141.53,5,1.18,1.78,1.26,3.2,19,0,Normal,Good
OLE-0653,OLE,03-08-2022,03-08-2022,Actual,System Failure,ATM Network,9.09,2,1.29,1.2,1,3.2,18,0,Normal,Good
OLE-0173,OLE,27-07-2023,27-07-2023,Actual,Data Breach,E-Banking,33.64,3,0.96,0.56,1,3.5,22,1,Normal,Good
ALE-0292,ALE,Synth-2022,Null,Synthetic,Tech Failure,Payments,215.94,5,0.89,1.85,1.91,3.3,27,1,Normal,Good
OLE-0039,OLE,23-05-2023,23-05-2023,Actual,Data Breach,E-Banking,34.37,5,0.63,1.09,1,3.5,23,2,Normal,Good
OLE-0714,OLE,12-04-2022,12-04-2022,Actual,System Failure,ATM Network,73.08,5,1.48,1.04,1,3.3,22,1,Normal,Good
OLE-0091,OLE,11-03-2022,11-03-2022,Actual,Cyber-Fraud,Payments,20.23,5,1.2,1.48,1,2.8,17,2,Normal,Good
OLE-0167,OLE,15-05-2023,15-05-2023,Actual,System Failure,Retail Banking,55.5,2,0.5,0.75,1,3.8,16,1,Normal,Good
ALE-0348,ALE,Synth-2022,Null,Synthetic,Data Breach,Online Services,185.65,2,2.37,1.36,0.92,2.5,26,0,Normal,Good
ALE-0018,ALE,Synth-2022,Null,Synthetic,Cyber-Fraud,E-Banking,204.71,2,2.85,2.08,1.59,2.5,15,0,Normal,Good
ALE-1115,ALE,Synth-2022,Null,Synthetic,Cyber-Fraud,Payments,68.14,5,1.24,3.32,2.99,3.6,17,2,Normal,Good
ALE-1040,ALE,Synth-2022,Null,Synthetic,Tech Failure,Online Services,278.88,5,1.4,3.47,2.52,4,17,1,Normal,Good
ALE-1234,ALE,Synth-2022,Null,Synthetic,Tech Failure,ATM Network,229.89,1,2.26,1.56,1.09,2.8,17,1,Normal,Good
ALE-0236,ALE,Synth-2022,Null,Synthetic,Data Breach,ATM Network,181.95,2,2.73,2.16,1.5,4,24,2,Normal,Good
ALE-0298,ALE,Synth-2022,Null,Synthetic,Phishing,E-Banking,210.15,3,1.61,2.9,2.15,3.6,29,0,Normal,Good
ALE-0467,ALE,Synth-2022,Null,Synthetic,Data Breach,ATM Network,167.33,4,0.9,3.14,2.18,3.7,17,1,Normal,Good
ALE-0689,ALE,Synth-2022,Null,Synthetic,System Failure,Online Services,195.02,2,1.09,1.46,1.75,3.4,21,1,Normal,Good
ALE-0493,ALE,Synth-2022,Null,Synthetic,Cyber-Fraud,Online Services,164.28,2,2.64,3.07,2.62,2.7,17,0,Normal,Good
OLE-0511,OLE,14-10-2022,14-10-2022,Actual,Tech Failure,Payments,48.06,3,1.45,0.72,1,2.6,20,0,Normal,Good
OLE-0500,OLE,22-10-2023,22-10-2023,Actual,System Failure,E-Banking,72.78,5,1.42,0.8,1,3.7,20,2,Normal,Good
ALE-1043,ALE,Synth-2022,Null,Synthetic,Cyber-Fraud,E-Banking,176.19,5,2.79,2.55,2.68,3.8,17,1,Normal,Good
ALE-0963,ALE,Synth-2022,Null,Synthetic,Phishing,ATM Network,167.89,1,1.25,2.77,2.07,3.8,25,0,Normal,Good
OLE-0339,OLE,16-03-2022,16-03-2022,Actual,Data Breach,Retail Banking,7.55,5,0.38,0.71,1,3.7,15,1,Normal,Good
ALE-1004,ALE,Synth-2022,Null,Synthetic,Cyber-Fraud,ATM Network,122.76,1,2.09,1.38,1.41,2.6,25,1,Normal,Good
ALE-0331,ALE,Synth-2022,Null,Synthetic,Tech Failure,Online Services,138.6,4,1.26,3.23,2.62,3.1,25,1,Normal,Good
OLE-0029,OLE,13-01-2023,13-01-2023,Actual,Cyber-Fraud,ATM Network,5,4,0.81,0.59,1,3.7,21,0,Normal,Good
ALE-0360,ALE,Synth-2022,Null,Synthetic,Data Breach,E-Banking,78.41,5,1.59,2.88,1.95,2.7,27,2,Normal,Good
ALE-0646,ALE,Synth-2022,Null,Synthetic,Phishing,Payments,91.06,5,2.78,1.97,1.96,3.8,18,2,Normal,Good
OLE-0795,OLE,28-05-2022,28-05-2022,Actual,Data Breach,ATM Network,64.58,5,1.33,1.18,1,2.6,14,1,Normal,Good
ALE-0088,ALE,Synth-2022,Null,Synthetic,Phishing,Payments,213.16,4,1.32,3.37,2.76,2.7,16,1,Normal,Good
ALE-0814,ALE,Synth-2022,Null,Synthetic,Tech Failure,Retail Banking,182.54,4,0.92,1.21,1.39,3.7,29,0,Normal,Good
OLE-0170,OLE,14-09-2023,14-09-2023,Actual,Data Breach,ATM Network,72.44,4,0.78,1.49,1,3.8,21,1,Normal,Good
ALE-0737,ALE,Synth-2022,Null,Synthetic,Tech Failure,ATM Network,195.52,4,2.98,2.66,2.74,3.2,18,0,Normal,Good
ALE-0340,ALE,Synth-2022,Null,Synthetic,Tech Failure,Online Services,136.19,1,2.07,2.06,1.75,3.8,22,2,Normal,Good
ALE-0396,ALE,Synth-2022,Null,Synthetic,Tech Failure,Retail Banking,38.89,4,2.06,3.33,2.66,3.1,18,0,Normal,Good
ALE-0730,ALE,Synth-2022,Null,Synthetic,System Failure,Online Services,147.08,5,2.85,3.26,2.43,3.6,21,1,Normal,Good
ALE-0055,ALE,Synth-2022,Null,Synthetic,Data Breach,ATM Network,110.02,2,2.63,1.88,1.39,2.5,28,1,Normal,Good
OLE-0492,OLE,15-09-2023,15-09-2023,Actual,Data Breach,Retail Banking,77.12,2,0.52,0.77,1,2.8,20,1,Normal,Good
ALE-0096,ALE,Synth-2022,Null,Synthetic,Tech Failure,E-Banking,230.92,1,1.26,1.92,2.08,3.9,20,1,Normal,Good
ALE-0240,ALE,Synth-2022,Null,Synthetic,Cyber-Fraud,Payments,200.17,1,1.89,1.9,1.31,3.4,24,0,Normal,Good
ALE-0175,ALE,Synth-2022,Null,Synthetic,Data Breach,Retail Banking,168.22,3,1.04,3.47,2.81,3.5,24,2,Normal,Good
OLE-0588,OLE,12-04-2023,12-04-2023,Actual,Cyber-Fraud,Retail Banking,45.65,5,0.46,0.7,1,3.7,17,2,Normal,Good
OLE-0751,OLE,20-02-2022,20-02-2022,Actual,Tech Failure,E-Banking,51.46,4,0.3,1,1,3.1,23,2,Normal,Good
OLE-0658,OLE,12-10-2023,12-10-2023,Actual,System Failure,Retail Banking,61.12,1,1.35,0.74,1,3.3,19,0,Normal,Good
OLE-0235,OLE,17-02-2023,17-02-2023,Actual,Data Breach,E-Banking,7.44,1,0.65,1.09,1,2.5,22,2,Normal,Good
OLE-0733,OLE,20-12-2023,20-12-2023,Actual,Cyber-Fraud,Payments,49.14,2,0.54,1.44,1,4,22,2,Normal,Good
ALE-1283,ALE,Synth-2022,Null,Synthetic,Tech Failure,Retail Banking,225.63,1,2.11,2.45,2.52,3.8,22,1,Normal,Good
ALE-0990,ALE,Synth-2022,Null,Synthetic,System Failure,ATM Network,196.24,3,1.64,2.65,2.39,3.4,22,2,Normal,Good
ALE-0299,ALE,Synth-2022,Null,Synthetic,Phishing,ATM Network,104.7,5,1.53,2.94,2.85,2.7,27,1,Normal,Good
ALE-0810,ALE,Synth-2022,Null,Synthetic,System Failure,Payments,269.93,1,0.88,3.46,3.09,3,20,0,Normal,Good
ALE-0761,ALE,Synth-2022,Null,Synthetic,System Failure,Retail Banking,69.3,4,2.15,3.3,3.43,2.7,24,0,Normal,Good
ALE-0983,ALE,Synth-2022,Null,Synthetic,Tech Failure,Payments,323.52,2,1.72,3.07,2.16,2.9,15,1,Normal,Good
ALE-0077,ALE,Synth-2022,Null,Synthetic,Phishing,Payments,226.68,1,2.08,2.81,2.01,2.7,23,2,Normal,Good
ALE-0352,ALE,Synth-2022,Null,Synthetic,Cyber-Fraud,Retail Banking,298.44,5,2.64,1.93,1.48,2.7,15,2,Normal,Good
ALE-0208,ALE,Synth-2022,Null,Synthetic,Tech Failure,E-Banking,140.74,4,2.9,3.24,3.17,2.7,23,2,Normal,Good
OLE-0109,OLE,10-09-2023,10-09-2023,Actual,System Failure,Retail Banking,63.1,2,1.33,0.96,1,3.6,21,2,Normal,Good
ALE-0891,ALE,Synth-2022,Null,Synthetic,Cyber-Fraud,Online Services,245.58,2,2.59,2.3,1.65,2.9,29,0,Normal,Good
OLE-0569,OLE,18-04-2022,18-04-2022,Actual,Data Breach,E-Banking,55.54,3,1.41,1.26,1,3.4,21,0,Normal,Good
ALE-0310,ALE,Synth-2022,Null,Synthetic,Cyber-Fraud,ATM Network,10,5,2.85,2.59,2.05,3.1,23,1,Normal,Good
ALE-0317,ALE,Synth-2022,Null,Synthetic,Tech Failure,Online Services,215.55,5,2.2,2.43,2.26,2.9,18,1,Normal,Good
ALE-0650,ALE,Synth-2022,Null,Synthetic,Data Breach,Retail Banking,145.04,2,1.05,1.36,1.02,3.2,18,1,Normal,Good
ALE-0635,ALE,Synth-2022,Null,Synthetic,Cyber-Fraud,Online Services,256.34,4,1.63,3.05,2.24,3.9,24,2,Normal,Good
ALE-0033,ALE,Synth-2022,Null,Synthetic,System Failure,E-Banking,133.2,3,1.03,3.41,2.4,2.9,28,2,Normal,Good
ALE-0090,ALE,Synth-2022,Null,Synthetic,Cyber-Fraud,Payments,150.14,3,2.19,2,1.99,3.1,25,0,Normal,Good
ALE-0191,ALE,Synth-2022,Null,Synthetic,Phishing,Retail Banking,151.47,2,1.76,3,3.47,3.3,26,1,Normal,Good
ALE-1056,ALE,Synth-2022,Null,Synthetic,Data Breach,Retail Banking,10,2,2.97,3.25,2.43,3.1,28,0,Normal,Good
ALE-0698,ALE,Synth-2022,Null,Synthetic,System Failure,ATM Network,32.35,5,1.41,1.53,1.91,3.3,22,1,Normal,Good
ALE-0783,ALE,Synth-2022,Null,Synthetic,Phishing,Retail Banking,145.38,5,1,2.64,2.3,2.9,20,2,Normal,Good
ALE-0027,ALE,Synth-2022,Null,Synthetic,Tech Failure,Retail Banking,187.07,4,2.38,3.31,3.05,2.8,18,0,Normal,Good
ALE-1035,ALE,Synth-2022,Null,Synthetic,Data Breach,Retail Banking,115.63,1,0.97,2.76,2.54,3.6,23,0,Normal,Good
ALE-1251,ALE,Synth-2022,Null,Synthetic,System Failure,Payments,185.41,2,2.85,2.38,1.84,3.8,20,0,Normal,Good
OLE-0851,OLE,30-11-2023,30-11-2023,Actual,Tech Failure,Payments,24.96,5,0.9,0.58,1,3.4,19,1,Normal,Good
ALE-0550,ALE,Synth-2022,Null,Synthetic,Phishing,ATM Network,10,4,1.71,2.29,2.1,3.8,25,2,Normal,Good
OLE-0735,OLE,08-07-2022,08-07-2022,Actual,System Failure,Retail Banking,38.65,5,0.43,0.88,1,3.8,14,2,Normal,Good
OLE-0718,OLE,05-06-2023,05-06-2023,Actual,Data Breach,Payments,64.2,5,1,0.77,1,2.5,19,2,Normal,Good
OLE-0455,OLE,08-05-2022,08-05-2022,Actual,System Failure,Retail Banking,109.66,1,0.78,0.8,1,2.7,24,2,Normal,Good
OLE-0265,OLE,01-06-2023,01-06-2023,Actual,Data Breach,E-Banking,5,2,1.34,1.45,1,2.7,23,0,Normal,Good
OLE-0076,OLE,26-03-2022,26-03-2022,Actual,Cyber-Fraud,E-Banking,56.05,4,0.45,0.7,1,3.8,21,0,Normal,Good
ALE-1019,ALE,Synth-2022,Null,Synthetic,System Failure,Retail Banking,102.76,1,2.52,2.94,2.15,2.5,15,1,Normal,Good
OLE-0445,OLE,10-08-2022,10-08-2022,Actual,Cyber-Fraud,ATM Network,34.43,1,1.14,1.27,1,3,16,0,Normal,Good
OLE-0396,OLE,05-11-2022,05-11-2022,Actual,Data Breach,Retail Banking,5,2,1.31,0.98,1,3.3,18,1,Normal,Good
OLE-0177,OLE,30-03-2023,30-03-2023,Actual,System Failure,E-Banking,95.53,5,0.87,1.5,1,2.6,14,0,Normal,Good
ALE-0185,ALE,Synth-2022,Null,Synthetic,Data Breach,ATM Network,243.53,5,1.59,2.74,3.31,3.1,21,1,Normal,Good
ALE-1106,ALE,Synth-2022,Null,Synthetic,Tech Failure,ATM Network,159.2,5,1.91,2.49,2.4,2.6,28,1,Normal,Good
ALE-0733,ALE,Synth-2022,Null,Synthetic,Tech Failure,ATM Network,199.23,1,2.15,3.45,3.93,2.8,27,2,Normal,Good
ALE-0857,ALE,Synth-2022,Null,Synthetic,Phishing,Retail Banking,69.75,2,1.67,3.33,2.39,3.1,22,1,Normal,Good
ALE-0708,ALE,Synth-2022,Null,Synthetic,Phishing,Retail Banking,203.03,2,2.4,2.37,2.19,3.1,18,1,Normal,Good
OLE-0596,OLE,17-06-2023,17-06-2023,Actual,Cyber-Fraud,E-Banking,67.14,4,0.57,0.56,1,2.9,23,0,Normal,Good
OLE-0062,OLE,17-12-2022,17-12-2022,Actual,Tech Failure,Payments,65.39,5,1.31,0.6,1,3.2,17,1,Normal,Good
ALE-0439,ALE,Synth-2022,Null,Synthetic,Cyber-Fraud,E-Banking,325.85,5,1.7,1.69,1.49,3,21,0,Normal,Good
ALE-0015,ALE,Synth-2022,Null,Synthetic,Tech Failure,Payments,248.66,3,2.54,2.59,2.26,2.6,28,0,Normal,Good
ALE-0834,ALE,Synth-2022,Null,Synthetic,Phishing,E-Banking,216.56,3,1.07,1.48,1.13,3.4,20,0,Normal,Good
OLE-0217,OLE,17-12-2022,17-12-2022,Actual,Tech Failure,Retail Banking,49.86,1,0.84,0.63,1,3.9,24,1,Normal,Good
OLE-0279,OLE,23-11-2022,23-11-2022,Actual,System Failure,E-Banking,94.97,2,0.33,0.8,1,3.3,24,1,Normal,Good
ALE-0535,ALE,Synth-2022,Null,Synthetic,Cyber-Fraud,E-Banking,10,3,2.28,1.65,1.3,2.9,26,1,Normal,Good
OLE-0037,OLE,13-12-2022,13-12-2022,Actual,Data Breach,E-Banking,67.07,5,0.4,0.59,1,3.8,16,0,Normal,Good
ALE-0862,ALE,Synth-2022,Null,Synthetic,Phishing,Retail Banking,139,1,1.5,1.32,1.23,2.8,26,1,Normal,Good
OLE-0663,OLE,20-03-2023,20-03-2023,Actual,Data Breach,ATM Network,85.66,5,1.11,0.71,1,3,24,1,Normal,Good
ALE-1189,ALE,Synth-2022,Null,Synthetic,Data Breach,E-Banking,100.8,2,2.36,2.41,2.08,2.6,26,0,Normal,Good
ALE-1285,ALE,Synth-2022,Null,Synthetic,Phishing,Retail Banking,55.52,5,2.88,1.53,1.07,2.6,16,1,Normal,Good
ALE-0120,ALE,Synth-2022,Null,Synthetic,Cyber-Fraud,Online Services,108.94,5,2.57,3.26,2.8,3.2,22,0,Normal,Good
ALE-0923,ALE,Synth-2022,Null,Synthetic,Data Breach,Payments,219.56,5,0.91,3.36,3.61,2.8,23,1,Normal,Good
OLE-0739,OLE,11-09-2022,11-09-2022,Actual,Data Breach,E-Banking,33.14,2,0.33,0.9,1,4,24,2,Normal,Good
OLE-0192,OLE,16-02-2022,16-02-2022,Actual,Data Breach,Retail Banking,51.96,3,0.63,0.9,1,2.7,14,1,Normal,Good
ALE-0062,ALE,Synth-2022,Null,Synthetic,Phishing,Retail Banking,202.15,1,2.07,1.63,1.14,3.5,26,2,Normal,Good
OLE-0457,OLE,25-01-2023,25-01-2023,Actual,Tech Failure,Payments,118.14,4,1.24,0.78,1,3.9,14,2,Normal,Good
ALE-0560,ALE,Synth-2022,Null,Synthetic,System Failure,Retail Banking,127.75,2,1.36,2.95,2.47,3,24,1,Normal,Good
OLE-0676,OLE,04-01-2022,04-01-2022,Actual,System Failure,Retail Banking,39.69,2,0.45,0.87,1,2.8,17,2,Normal,Good
OLE-0761,OLE,26-07-2022,26-07-2022,Actual,Data Breach,E-Banking,65.69,5,1.49,1.2,1,2.9,20,1,Normal,Good
ALE-1267,ALE,Synth-2022,Null,Synthetic,Phishing,ATM Network,273.97,3,1.52,2.81,2.54,2.9,28,2,Normal,Good
ALE-0956,ALE,Synth-2022,Null,Synthetic,System Failure,Payments,148.66,1,1.75,1.47,1.69,3.6,22,0,Normal,Good
OLE-0729,OLE,07-09-2022,07-09-2022,Actual,Cyber-Fraud,E-Banking,64.59,4,0.66,1.17,1,3,14,0,Normal,Good
ALE-1176,ALE,Synth-2022,Null,Synthetic,Data Breach,Online Services,92.04,3,2.74,1.35,0.96,3.1,25,2,Normal,Good
ALE-0542,ALE,Synth-2022,Null,Synthetic,System Failure,Online Services,167.42,2,1.95,2.47,2.85,2.7,21,1,Normal,Good
OLE-0413,OLE,23-05-2023,23-05-2023,Actual,Data Breach,Retail Banking,11.19,4,0.45,0.61,1,3.5,17,2,Normal,Good
ALE-0241,ALE,Synth-2022,Null,Synthetic,Phishing,Online Services,121.83,4,1.9,1.46,1.32,3.2,18,2,Normal,Good
ALE-0659,ALE,Synth-2022,Null,Synthetic,Tech Failure,ATM Network,97.83,1,1.02,2.23,1.7,2.8,19,1,Normal,Good
ALE-0667,ALE,Synth-2022,Null,Synthetic,Tech Failure,Online Services,156.53,5,1.74,2.94,2.43,3.9,16,1,Normal,Good
OLE-0826,OLE,30-06-2022,30-06-2022,Actual,Data Breach,ATM Network,22.45,4,0.9,0.94,1,2.8,23,2,Normal,Good
ALE-1215,ALE,Synth-2022,Null,Synthetic,Data Breach,ATM Network,177.61,4,0.84,2.94,2.79,3.6,24,1,Normal,Good
OLE-0617,OLE,12-04-2023,12-04-2023,Actual,System Failure,E-Banking,105.7,1,0.56,1.37,1,3.9,20,0,Normal,Good
OLE-0115,OLE,14-10-2023,14-10-2023,Actual,Tech Failure,Payments,34.18,4,1.25,1.08,1,3.5,20,0,Normal,Good
OLE-0418,OLE,21-08-2022,21-08-2022,Actual,System Failure,ATM Network,71.37,5,0.82,0.78,1,2.7,18,2,Normal,Good
ALE-1245,ALE,Synth-2022,Null,Synthetic,Data Breach,ATM Network,120.39,4,1.89,1.53,1.71,2.9,16,0,Normal,Good
ALE-0112,ALE,Synth-2022,Null,Synthetic,Cyber-Fraud,ATM Network,10,5,0.92,2.14,2.32,2.7,27,1,Normal,Good
OLE-0605,OLE,29-11-2023,29-11-2023,Actual,System Failure,Payments,38.21,4,1.47,0.7,1,2.5,18,2,Normal,Good
ALE-1249,ALE,Synth-2022,Null,Synthetic,Cyber-Fraud,Retail Banking,142.75,2,2.96,3.31,2.54,3.1,16,1,Normal,Good
OLE-0090,OLE,16-04-2023,16-04-2023,Actual,Cyber-Fraud,Retail Banking,126.75,2,1.02,1.1,1,2.5,16,0,Normal,Good
OLE-0849,OLE,30-01-2023,30-01-2023,Actual,Cyber-Fraud,Retail Banking,50.61,1,1.39,1.13,1,2.6,19,0,Normal,Good
ALE-0867,ALE,Synth-2022,Null,Synthetic,Cyber-Fraud,E-Banking,185.08,1,0.81,2.37,1.99,3.7,24,2,Normal,Good
ALE-1248,ALE,Synth-2022,Null,Synthetic,Tech Failure,Payments,105.55,5,1.05,1.97,1.92,2.7,16,1,Normal,Good
OLE-0754,OLE,13-12-2023,13-12-2023,Actual,Cyber-Fraud,Retail Banking,23.55,4,0.41,1.06,1,3.8,24,1,Normal,Good
OLE-0499,OLE,25-11-2023,25-11-2023,Actual,System Failure,Payments,16.02,1,1.21,0.81,1,3.1,20,2,Normal,Good
ALE-0419,ALE,Synth-2022,Null,Synthetic,Tech Failure,Online Services,200.26,2,2.01,2.33,1.95,3.6,21,1,Normal,Good
ALE-0468,ALE,Synth-2022,Null,Synthetic,Phishing,Online Services,260.78,2,1.37,2.87,2,2.9,29,0,Normal,Good
OLE-0012,OLE,11-11-2022,11-11-2022,Actual,Data Breach,ATM Network,58.79,4,1.11,1.47,1,2.6,21,0,Normal,Good
OLE-0397,OLE,15-11-2022,15-11-2022,Actual,Data Breach,Payments,5,3,0.97,1.33,1,3.6,17,2,Normal,Good
OLE-0285,OLE,12-09-2023,12-09-2023,Actual,System Failure,ATM Network,52.58,1,0.68,1.4,1,2.6,16,2,Normal,Good
ALE-1161,ALE,Synth-2022,Null,Synthetic,Tech Failure,Payments,10,2,1.87,1.33,0.91,3.4,23,1,Normal,Good
ALE-0209,ALE,Synth-2022,Null,Synthetic,System Failure,Retail Banking,111.95,4,1.3,1.23,1.38,3,17,2,Normal,Good
ALE-0334,ALE,Synth-2022,Null,Synthetic,Data Breach,E-Banking,132.44,2,2.33,1.99,1.55,3.8,23,2,Normal,Good
ALE-0583,ALE,Synth-2022,Null,Synthetic,System Failure,E-Banking,72.96,1,1.56,3.18,2.27,2.5,18,2,Normal,Good
ALE-1116,ALE,Synth-2022,Null,Synthetic,Data Breach,Retail Banking,125.53,3,2.28,3.4,2.54,3.4,18,2,Normal,Good
ALE-0593,ALE,Synth-2022,Null,Synthetic,Data Breach,E-Banking,129.43,5,1.74,3.34,3.34,3.1,24,1,Normal,Good
OLE-0691,OLE,10-05-2022,10-05-2022,Actual,Cyber-Fraud,Retail Banking,88.96,3,1.5,0.97,1,3.7,18,1,Normal,Good
ALE-0988,ALE,Synth-2022,Null,Synthetic,Tech Failure,Online Services,117.75,3,1.84,2.94,2.08,3.9,23,2,Normal,Good
ALE-0711,ALE,Synth-2022,Null,Synthetic,Data Breach,ATM Network,138.77,4,2.39,2.72,2.45,3.5,20,1,Normal,Good
ALE-1227,ALE,Synth-2022,Null,Synthetic,Phishing,E-Banking,34.72,2,0.86,2.8,1.9,2.8,20,2,Normal,Good
OLE-0690,OLE,06-02-2023,06-02-2023,Actual,System Failure,Retail Banking,74.95,5,1.31,0.95,1,3.6,21,2,Normal,Good
OLE-0852,OLE,01-02-2023,01-02-2023,Actual,Tech Failure,Retail Banking,36.06,3,0.82,0.69,1,2.8,21,1,Normal,Good
ALE-0641,ALE,Synth-2022,Null,Synthetic,Phishing,ATM Network,232.21,5,1.88,1.93,1.86,3,27,1,Normal,Good
OLE-0160,OLE,23-06-2023,23-06-2023,Actual,Cyber-Fraud,Payments,39.63,1,1.44,0.84,1,3.3,15,2,Normal,Good
ALE-0038,ALE,Synth-2022,Null,Synthetic,Data Breach,Online Services,173.61,5,1.87,2.3,2.04,2.8,23,0,Normal,Good
ALE-0927,ALE,Synth-2022,Null,Synthetic,Data Breach,Payments,171.77,2,2.14,1.31,0.93,3.1,23,2,Normal,Good
OLE-0258,OLE,07-01-2023,07-01-2023,Actual,Data Breach,Payments,87.07,3,1.24,1.1,1,4,21,1,Normal,Good
OLE-0336,OLE,14-02-2022,14-02-2022,Actual,Data Breach,ATM Network,44.11,3,1.25,0.92,1,2.8,24,1,Normal,Good
ALE-1229,ALE,Synth-2022,Null,Synthetic,System Failure,ATM Network,87.59,1,0.94,1.64,1.93,3.8,20,1,Normal,Good
ALE-0182,ALE,Synth-2022,Null,Synthetic,Tech Failure,Online Services,143.11,3,1.49,1.88,1.43,3.8,20,1,Normal,Good
OLE-0516,OLE,04-05-2023,04-05-2023,Actual,Tech Failure,Retail Banking,76.93,3,1.06,1.36,1,2.7,21,0,Normal,Good
ALE-0491,ALE,Synth-2022,Null,Synthetic,Data Breach,Online Services,234.13,1,1.09,2.84,2.57,2.9,26,2,Normal,Good
ALE-0158,ALE,Synth-2022,Null,Synthetic,Tech Failure,E-Banking,113.17,3,1.79,1.43,1.1,2.5,22,2,Normal,Good
OLE-0769,OLE,04-12-2022,04-12-2022,Actual,Cyber-Fraud,ATM Network,84.79,4,0.39,0.77,1,4,14,1,Normal,Good
ALE-1118,ALE,Synth-2022,Null,Synthetic,Cyber-Fraud,Payments,144.15,5,1.2,3.33,3.82,3.3,15,2,Normal,Good
OLE-0762,OLE,12-09-2022,12-09-2022,Actual,Tech Failure,ATM Network,46.16,2,0.67,1.28,1,3.2,24,2,Normal,Good
ALE-0389,ALE,Synth-2022,Null,Synthetic,Data Breach,E-Banking,65.14,2,1.57,2.74,2.19,3.9,26,0,Normal,Good
ALE-0346,ALE,Synth-2022,Null,Synthetic,Tech Failure,E-Banking,198.92,1,2.51,1.86,1.34,3.1,16,0,Normal,Good
ALE-0808,ALE,Synth-2022,Null,Synthetic,System Failure,Retail Banking,260.19,1,2.14,1.61,1.51,3.2,16,1,Normal,Good
ALE-0266,ALE,Synth-2022,Null,Synthetic,Cyber-Fraud,ATM Network,202.69,2,2.88,1.3,1.13,3.4,28,0,Normal,Good
OLE-0522,OLE,22-03-2022,22-03-2022,Actual,System Failure,ATM Network,66.26,5,0.55,0.92,1,2.8,22,2,Normal,Good
OLE-0023,OLE,16-05-2023,16-05-2023,Actual,Cyber-Fraud,E-Banking,45.5,3,1.22,1.31,1,3.6,24,2,Normal,Good
OLE-0357,OLE,14-07-2023,14-07-2023,Actual,System Failure,E-Banking,43.51,3,0.34,0.7,1,3,21,2,Normal,Good
ALE-0420,ALE,Synth-2022,Null,Synthetic,Phishing,E-Banking,203.37,5,1.47,1.97,1.65,3.7,29,2,Normal,Good
ALE-0455,ALE,Synth-2022,Null,Synthetic,System Failure,Online Services,157.9,5,1.49,2.45,2.84,3.5,17,0,Normal,Good
ALE-1047,ALE,Synth-2022,Null,Synthetic,Phishing,E-Banking,92.2,2,2.89,2.67,2.01,3.6,16,0,Normal,Good
OLE-0341,OLE,30-06-2022,30-06-2022,Actual,Tech Failure,Payments,28.83,3,0.3,0.67,1,3.8,14,2,Normal,Good
OLE-0432,OLE,27-09-2023,27-09-2023,Actual,System Failure,Retail Banking,5,3,0.3,1.21,1,3,16,1,Normal,Good
OLE-0474,OLE,13-01-2022,13-01-2022,Actual,Tech Failure,ATM Network,13.85,4,0.51,0.6,1,3.9,21,1,Normal,Good
OLE-0218,OLE,13-08-2022,13-08-2022,Actual,Data Breach,ATM Network,73.19,5,1.44,1.46,1,3.4,19,1,Normal,Good
ALE-0054,ALE,Synth-2022,Null,Synthetic,System Failure,Retail Banking,142.54,5,2.93,3.04,2.45,2.9,27,0,Normal,Good
ALE-0370,ALE,Synth-2022,Null,Synthetic,Data Breach,Online Services,185.56,5,1.3,2.33,2.22,3.7,18,2,Normal,Good
ALE-1265,ALE,Synth-2022,Null,Synthetic,Phishing,ATM Network,214.45,4,2.02,1.77,1.82,4,29,0,Normal,Good
ALE-0154,ALE,Synth-2022,Null,Synthetic,Tech Failure,ATM Network,102.11,2,2.57,1.83,1.4,2.8,21,2,Normal,Good
ALE-0100,ALE,Synth-2022,Null,Synthetic,Phishing,Online Services,179.94,2,2.17,1.33,1.63,3.2,23,1,Normal,Good
OLE-0094,OLE,28-01-2022,28-01-2022,Actual,Data Breach,Retail Banking,9.04,4,0.9,0.68,1,3.5,24,2,Normal,Good
ALE-0151,ALE,Synth-2022,Null,Synthetic,Cyber-Fraud,E-Banking,158.4,3,1.8,3.29,3.77,3.6,24,2,Normal,Good
ALE-0213,ALE,Synth-2022,Null,Synthetic,Phishing,ATM Network,199.42,1,2.33,2.22,1.52,2.7,23,1,Normal,Good
ALE-0235,ALE,Synth-2022,Null,Synthetic,Cyber-Fraud,E-Banking,203.9,2,2.73,2.32,1.87,2.6,22,0,Normal,Good
ALE-0938,ALE,Synth-2022,Null,Synthetic,Cyber-Fraud,Retail Banking,10,3,1.9,2.29,2.61,3.3,21,1,Normal,Good
ALE-0451,ALE,Synth-2022,Null,Synthetic,Data Breach,ATM Network,261.33,4,1.12,1.42,1.75,3.1,27,1,Normal,Good
OLE-0697,OLE,21-01-2022,21-01-2022,Actual,Data Breach,ATM Network,15.35,5,0.83,0.57,1,3.4,18,1,Normal,Good
ALE-1173,ALE,Synth-2022,Null,Synthetic,Cyber-Fraud,Online Services,177.55,5,2.02,1.25,1.43,3,29,1,Normal,Good
ALE-0139,ALE,Synth-2022,Null,Synthetic,System Failure,E-Banking,66.28,4,1.88,3.23,2.97,3.3,15,2,Normal,Good
ALE-0601,ALE,Synth-2022,Null,Synthetic,Tech Failure,Retail Banking,76.75,3,1.46,1.85,1.51,3.7,28,1,Normal,Good
OLE-0154,OLE,03-05-2023,03-05-2023,Actual,Data Breach,E-Banking,44.95,2,0.47,0.62,1,2.7,16,1,Normal,Good
ALE-0242,ALE,Synth-2022,Null,Synthetic,Data Breach,Online Services,52.14,2,1.14,3.22,2.92,3.1,25,0,Normal,Good
ALE-1087,ALE,Synth-2022,Null,Synthetic,System Failure,Payments,116.42,4,2.19,2.75,2.9,3.8,25,0,Normal,Good
ALE-1289,ALE,Synth-2022,Null,Synthetic,System Failure,E-Banking,264.42,2,0.91,3.49,2.65,2.6,25,0,Normal,Good
OLE-0790,OLE,22-11-2022,22-11-2022,Actual,Cyber-Fraud,ATM Network,71.58,1,0.44,1.03,1,2.7,16,2,Normal,Good
OLE-0581,OLE,03-03-2023,03-03-2023,Actual,System Failure,Payments,49.33,1,0.96,0.66,1,2.6,16,0,Normal,Good
ALE-0613,ALE,Synth-2022,Null,Synthetic,Data Breach,Payments,160.24,2,2.49,2.19,1.65,3.1,29,2,Normal,Good
OLE-0704,OLE,27-06-2022,27-06-2022,Actual,Cyber-Fraud,Retail Banking,30.64,2,1.48,1.17,1,2.9,14,2,Normal,Good
ALE-0355,ALE,Synth-2022,Null,Synthetic,Data Breach,Payments,151.69,5,1.17,3.11,2.59,3.4,20,1,Normal,Good
ALE-0438,ALE,Synth-2022,Null,Synthetic,Data Breach,ATM Network,139.28,3,2.62,2.08,1.72,3.6,15,0,Normal,Good
ALE-1028,ALE,Synth-2022,Null,Synthetic,System Failure,E-Banking,126.5,3,2.96,1.96,1.39,3.8,29,0,Normal,Good
ALE-0403,ALE,Synth-2022,Null,Synthetic,Data Breach,Payments,102.24,1,2.59,1.39,1.12,2.5,26,2,Normal,Good
OLE-0488,OLE,31-10-2022,31-10-2022,Actual,Data Breach,E-Banking,42.16,3,0.64,1.23,1,2.5,15,2,Normal,Good
ALE-0767,ALE,Synth-2022,Null,Synthetic,System Failure,E-Banking,113.98,2,1.28,1.35,1.02,2.8,21,1,Normal,Good
OLE-0560,OLE,29-08-2023,29-08-2023,Actual,Cyber-Fraud,E-Banking,75.44,2,1.47,0.74,1,3.5,15,2,Normal,Good
ALE-0284,ALE,Synth-2022,Null,Synthetic,Data Breach,E-Banking,102.24,3,2.01,2.76,2.25,3.1,27,0,Normal,Good
ALE-1095,ALE,Synth-2022,Null,Synthetic,Tech Failure,Online Services,162.37,2,1.58,3.25,2.82,3.5,19,1,Normal,Good
ALE-0262,ALE,Synth-2022,Null,Synthetic,System Failure,ATM Network,247.43,3,1.88,1.98,2.19,3.3,22,1,Normal,Good
OLE-0802,OLE,06-03-2022,06-03-2022,Actual,Tech Failure,Retail Banking,72.84,4,0.61,0.53,1,2.9,14,2,Normal,Good
OLE-0513,OLE,03-01-2023,03-01-2023,Actual,System Failure,ATM Network,124.56,3,1.25,1.48,1,3.9,16,1,Normal,Good
OLE-0634,OLE,18-12-2023,18-12-2023,Actual,Tech Failure,Retail Banking,78.07,3,1.26,0.74,1,2.6,19,2,Normal,Good
ALE-1182,ALE,Synth-2022,Null,Synthetic,Tech Failure,Retail Banking,187.99,3,2.42,2.46,1.68,2.8,16,0,Normal,Good
ALE-0807,ALE,Synth-2022,Null,Synthetic,Tech Failure,E-Banking,10,4,2,2.64,1.81,2.9,16,2,Normal,Good
ALE-1166,ALE,Synth-2022,Null,Synthetic,Cyber-Fraud,Payments,256.32,1,2.65,1.22,0.87,3.2,28,2,Normal,Good
ALE-1207,ALE,Synth-2022,Null,Synthetic,Data Breach,Online Services,111.13,5,1.44,2.57,1.97,3.2,18,2,Normal,Good
ALE-0293,ALE,Synth-2022,Null,Synthetic,System Failure,E-Banking,107.41,1,2.35,2.66,1.79,2.7,19,1,Normal,Good
OLE-0791,OLE,21-02-2022,21-02-2022,Actual,Tech Failure,Payments,120.17,3,1.46,0.61,1,2.9,17,2,Normal,Good
OLE-0117,OLE,12-03-2023,12-03-2023,Actual,Cyber-Fraud,ATM Network,73.67,3,1.48,0.64,1,2.8,21,0,Normal,Good
ALE-0640,ALE,Synth-2022,Null,Synthetic,System Failure,Payments,132.92,1,2.05,2.84,2.04,3.2,21,0,Normal,Good
OLE-0741,OLE,08-11-2023,08-11-2023,Actual,Tech Failure,E-Banking,69.49,3,1.1,0.99,1,3.9,15,2,Normal,Good
ALE-1057,ALE,Synth-2022,Null,Synthetic,Tech Failure,E-Banking,118.81,1,1.11,1.71,1.5,2.6,25,2,Normal,Good
ALE-0224,ALE,Synth-2022,Null,Synthetic,Data Breach,Retail Banking,209.97,2,0.85,2.22,1.65,3.5,22,0,Normal,Good
ALE-0770,ALE,Synth-2022,Null,Synthetic,System Failure,Retail Banking,91.51,3,1.48,1.9,1.5,3.6,21,1,Normal,Good
OLE-0831,OLE,09-02-2022,09-02-2022,Actual,System Failure,E-Banking,55.26,1,1.32,1.24,1,3.8,22,2,Normal,Good
OLE-0120,OLE,04-10-2022,04-10-2022,Actual,System Failure,E-Banking,57.24,2,0.81,0.66,1,2.5,22,2,Normal,Good
OLE-0657,OLE,14-09-2023,14-09-2023,Actual,System Failure,ATM Network,49.86,2,1.1,1.32,1,2.9,24,1,Normal,Good
ALE-1017,ALE,Synth-2022,Null,Synthetic,Data Breach,E-Banking,230.26,3,1.98,2.91,2.99,2.8,18,2,Normal,Good
ALE-1244,ALE,Synth-2022,Null,Synthetic,Phishing,E-Banking,117.25,5,0.83,3.22,3.55,3.8,21,0,Normal,Good
OLE-0636,OLE,24-06-2022,24-06-2022,Actual,Cyber-Fraud,Payments,5,3,1.06,1.49,1,3.7,15,2,Normal,Good
OLE-0370,OLE,07-04-2022,07-04-2022,Actual,Cyber-Fraud,E-Banking,58.95,1,1.2,1.25,1,3.4,16,0,Normal,Good
OLE-0269,OLE,18-03-2023,18-03-2023,Actual,Data Breach,Payments,24.07,3,0.4,1.31,1,3.8,17,0,Normal,Good
OLE-0656,OLE,31-01-2022,31-01-2022,Actual,Data Breach,Retail Banking,66.05,2,1.16,0.77,1,3,24,0,Normal,Good
ALE-0078,ALE,Synth-2022,Null,Synthetic,Tech Failure,Payments,109.99,5,1.78,1.99,2.22,3.2,21,0,Normal,Good
OLE-0823,OLE,03-03-2022,03-03-2022,Actual,System Failure,Retail Banking,30.77,2,1.26,1.06,1,3.6,16,0,Normal,Good
ALE-0009,ALE,Synth-2022,Null,Synthetic,Phishing,ATM Network,157.8,1,2.86,3.12,2.24,3,21,0,Normal,Good
OLE-0047,OLE,01-07-2023,01-07-2023,Actual,System Failure,E-Banking,60.96,4,1.32,0.71,1,3.9,23,1,Normal,Good
ALE-0516,ALE,Synth-2022,Null,Synthetic,Cyber-Fraud,Payments,69.57,5,2.04,2.28,2.74,3.8,16,0,Normal,Good
ALE-1076,ALE,Synth-2022,Null,Synthetic,Phishing,Online Services,339.25,2,1.97,1.51,1.04,3.8,16,2,Normal,Good
ALE-0134,ALE,Synth-2022,Null,Synthetic,System Failure,Payments,115.88,1,1.52,2.6,1.84,2.5,18,1,Normal,Good
ALE-0019,ALE,Synth-2022,Null,Synthetic,System Failure,Payments,229.11,5,1.47,2.28,2.3,3.2,15,1,Normal,Good
OLE-0774,OLE,01-12-2022,01-12-2022,Actual,System Failure,Retail Banking,119.18,3,0.93,1.22,1,3.4,18,1,Normal,Good
ALE-0362,ALE,Synth-2022,Null,Synthetic,Data Breach,Online Services,224.78,2,0.9,2.11,1.93,3.2,26,2,Normal,Good
ALE-0269,ALE,Synth-2022,Null,Synthetic,System Failure,E-Banking,70.05,5,0.94,2.52,2.04,3.3,24,1,Normal,Good
OLE-0005,OLE,20-03-2022,20-03-2022,Actual,Data Breach,Payments,45.1,3,1.44,0.75,1,3,22,2,Normal,Good
ALE-1162,ALE,Synth-2022,Null,Synthetic,Cyber-Fraud,Retail Banking,194.49,2,2.64,1.28,1.3,3.2,26,2,Normal,Good
ALE-0146,ALE,Synth-2022,Null,Synthetic,Data Breach,Retail Banking,233.38,2,2.74,3.5,3.61,3.6,18,0,Normal,Good
ALE-1031,ALE,Synth-2022,Null,Synthetic,Tech Failure,Online Services,132.5,5,0.88,3.35,2.77,2.9,29,1,Normal,Good
ALE-1093,ALE,Synth-2022,Null,Synthetic,System Failure,ATM Network,261.29,3,2.04,3.24,2.56,3.5,21,0,Normal,Good
OLE-0264,OLE,20-11-2023,20-11-2023,Actual,System Failure,E-Banking,31.16,3,0.75,1.06,1,3.2,19,0,Normal,Good
ALE-0921,ALE,Synth-2022,Null,Synthetic,Data Breach,Retail Banking,85.24,2,2.93,2.75,3.03,2.7,16,1,Normal,Good
OLE-0613,OLE,26-08-2023,26-08-2023,Actual,Cyber-Fraud,E-Banking,29.73,1,1.01,1.32,1,3.1,21,2,Normal,Good
OLE-0444,OLE,29-07-2022,29-07-2022,Actual,Data Breach,E-Banking,72.69,3,1.27,1.08,1,3.6,21,2,Normal,Good
ALE-0145,ALE,Synth-2022,Null,Synthetic,Cyber-Fraud,E-Banking,197.05,2,2.89,1.35,1.1,2.6,17,1,Normal,Good
ALE-0220,ALE,Synth-2022,Null,Synthetic,System Failure,E-Banking,113.26,1,1.17,1.93,1.76,3,20,1,Normal,Good
OLE-0838,OLE,08-12-2023,08-12-2023,Actual,Cyber-Fraud,ATM Network,5,1,0.96,1.33,1,3,14,0,Normal,Good
ALE-1220,ALE,Synth-2022,Null,Synthetic,Phishing,Payments,167.27,4,2.16,2.73,1.85,2.7,18,0,Normal,Good
OLE-0305,OLE,06-06-2023,06-06-2023,Actual,Data Breach,Retail Banking,5,2,1.24,1.25,1,3.7,23,0,Normal,Good
ALE-0508,ALE,Synth-2022,Null,Synthetic,Tech Failure,Retail Banking,237.25,4,2.04,1.68,1.15,3,16,2,Normal,Good
ALE-0908,ALE,Synth-2022,Null,Synthetic,Cyber-Fraud,E-Banking,225.99,1,2.98,2.42,1.89,2.9,17,0,Normal,Good
OLE-0314,OLE,30-12-2023,30-12-2023,Actual,Cyber-Fraud,Payments,13.02,4,0.74,0.93,1,2.5,19,1,Normal,Good
OLE-0150,OLE,11-04-2022,11-04-2022,Actual,Tech Failure,Retail Banking,32.29,5,0.61,1.17,1,2.9,23,2,Normal,Good
ALE-0291,ALE,Synth-2022,Null,Synthetic,Cyber-Fraud,Online Services,55.65,3,1.05,2.43,2.79,3.8,16,1,Normal,Good
ALE-0356,ALE,Synth-2022,Null,Synthetic,Data Breach,Online Services,10,3,2.9,1.69,1.45,3.6,28,0,Normal,Good
OLE-0575,OLE,17-05-2023,17-05-2023,Actual,Tech Failure,Retail Banking,121.72,1,0.81,0.57,1,2.7,23,2,Normal,Good
ALE-0831,ALE,Synth-2022,Null,Synthetic,Data Breach,Payments,10,4,2.38,2.48,2.95,2.8,27,1,Normal,Good
OLE-0051,OLE,15-09-2022,15-09-2022,Actual,Data Breach,Payments,49.25,5,0.68,1.45,1,3.7,18,1,Normal,Good
ALE-0903,ALE,Synth-2022,Null,Synthetic,System Failure,ATM Network,246.1,2,2.56,2.69,3.35,2.9,25,0,Normal,Good
OLE-0727,OLE,05-03-2022,05-03-2022,Actual,Tech Failure,ATM Network,56.15,2,0.7,0.61,1,2.9,18,2,Normal,Good
OLE-0834,OLE,04-09-2023,04-09-2023,Actual,Tech Failure,E-Banking,44.5,5,0.64,1.29,1,3.9,17,0,Normal,Good
ALE-0520,ALE,Synth-2022,Null,Synthetic,Cyber-Fraud,Payments,191.66,1,2.66,1.91,1.28,2.6,16,1,Normal,Good
ALE-0258,ALE,Synth-2022,Null,Synthetic,Tech Failure,E-Banking,207.26,1,2.8,3.15,2.76,2.6,21,1,Normal,Good
ALE-0309,ALE,Synth-2022,Null,Synthetic,Phishing,Payments,233,1,1.21,2.66,1.94,3.5,26,2,Normal,Good
OLE-0471,OLE,16-01-2022,16-01-2022,Actual,System Failure,Retail Banking,36.36,4,1.48,1.3,1,3.6,22,0,Normal,Good
ALE-0114,ALE,Synth-2022,Null,Synthetic,Cyber-Fraud,E-Banking,140.83,5,2.81,1.68,1.33,2.6,26,0,Normal,Good
OLE-0654,OLE,03-08-2022,03-08-2022,Actual,Tech Failure,E-Banking,62.58,2,0.86,1.28,1,3.9,15,1,Normal,Good
OLE-0400,OLE,18-08-2023,18-08-2023,Actual,Cyber-Fraud,E-Banking,44.8,1,0.82,0.8,1,2.8,23,2,Normal,Good
OLE-0512,OLE,14-09-2022,14-09-2022,Actual,System Failure,Payments,52.19,3,1.3,1.05,1,2.8,17,0,Normal,Good
OLE-0321,OLE,21-03-2023,21-03-2023,Actual,Tech Failure,ATM Network,19.05,3,0.31,1.44,1,3.1,23,2,Normal,Good
OLE-0020,OLE,01-02-2023,01-02-2023,Actual,Tech Failure,E-Banking,19.14,4,0.96,1.1,1,3.3,16,1,Normal,Good
OLE-0685,OLE,18-01-2022,18-01-2022,Actual,Cyber-Fraud,Retail Banking,73.76,1,1.27,0.58,1,3.1,14,0,Normal,Good
OLE-0036,OLE,27-02-2022,27-02-2022,Actual,Tech Failure,Payments,30.71,3,1.02,1.18,1,3.2,20,0,Normal,Good
ALE-0045,ALE,Synth-2022,Null,Synthetic,Data Breach,ATM Network,92.91,4,1.43,3.24,3.06,2.7,20,2,Normal,Good
ALE-1155,ALE,Synth-2022,Null,Synthetic,Tech Failure,ATM Network,275.34,1,1.68,2.3,1.55,3,19,1,Normal,Good
OLE-0828,OLE,17-01-2023,17-01-2023,Actual,Data Breach,Retail Banking,74.31,5,1.02,0.59,1,3,14,1,Normal,Good
ALE-1178,ALE,Synth-2022,Null,Synthetic,Data Breach,Payments,156.02,3,1.76,2.03,1.7,2.9,15,1,Normal,Good
OLE-0408,OLE,12-01-2023,12-01-2023,Actual,Data Breach,E-Banking,19.37,5,0.41,0.69,1,2.6,18,1,Normal,Good
ALE-0063,ALE,Synth-2022,Null,Synthetic,Cyber-Fraud,Online Services,21.73,1,0.97,2.41,2.23,3.4,23,2,Normal,Good
OLE-0538,OLE,14-10-2022,14-10-2022,Actual,System Failure,Retail Banking,23.06,5,0.78,1.29,1,2.8,14,2,Normal,Good
OLE-0759,OLE,26-11-2022,26-11-2022,Actual,System Failure,E-Banking,54.16,5,0.98,1.26,1,3.6,14,1,Normal,Good
ALE-0848,ALE,Synth-2022,Null,Synthetic,Data Breach,Retail Banking,119.3,2,1.43,1.65,1.11,3,16,2,Normal,Good
ALE-1243,ALE,Synth-2022,Null,Synthetic,Tech Failure,Online Services,146.15,5,2.16,2.63,3.18,2.9,22,1,Normal,Good
ALE-0205,ALE,Synth-2022,Null,Synthetic,Phishing,ATM Network,95.89,3,2.07,2.02,2.03,3.7,19,0,Normal,Good
ALE-0342,ALE,Synth-2022,Null,Synthetic,Cyber-Fraud,E-Banking,244.51,1,2.48,2.44,2.74,3.3,17,1,Normal,Good
OLE-0246,OLE,05-07-2023,05-07-2023,Actual,System Failure,ATM Network,5,1,0.51,1.47,1,3.2,15,2,Normal,Good
ALE-0559,ALE,Synth-2022,Null,Synthetic,Tech Failure,ATM Network,64.16,4,2.43,2.23,1.53,3.6,26,1,Normal,Good
ALE-0270,ALE,Synth-2022,Null,Synthetic,Cyber-Fraud,E-Banking,146.13,4,0.83,2.8,2.56,3.3,27,0,Normal,Good
OLE-0785,OLE,19-11-2022,19-11-2022,Actual,Data Breach,Retail Banking,16.95,5,0.95,1.47,1,3.2,24,1,Normal,Good
ALE-1113,ALE,Synth-2022,Null,Synthetic,Data Breach,Online Services,110.22,3,2,3.14,3.42,3,22,2,Normal,Good
OLE-0490,OLE,10-11-2023,10-11-2023,Actual,Cyber-Fraud,Payments,11.02,1,0.54,0.52,1,3.8,24,1,Normal,Good
OLE-0155,OLE,30-07-2023,30-07-2023,Actual,Cyber-Fraud,ATM Network,51.75,2,0.31,0.92,1,2.9,14,2,Normal,Good
ALE-0805,ALE,Synth-2022,Null,Synthetic,Data Breach,Retail Banking,154.59,1,1.18,1.33,1.06,3.8,18,1,Normal,Good
ALE-0104,ALE,Synth-2022,Null,Synthetic,Tech Failure,Retail Banking,303.99,1,0.87,2.87,2.07,3.1,27,0,Normal,Good
ALE-0829,ALE,Synth-2022,Null,Synthetic,Phishing,E-Banking,201.99,5,2.72,1.69,1.54,3.9,21,1,Normal,Good
OLE-0854,OLE,13-11-2023,13-11-2023,Actual,Cyber-Fraud,Retail Banking,26.89,4,0.73,0.65,1,3.3,22,2,Normal,Good
ALE-0454,ALE,Synth-2022,Null,Synthetic,Phishing,E-Banking,77.54,5,2.18,3.44,3.33,2.7,16,1,Normal,Good
OLE-0626,OLE,27-11-2022,27-11-2022,Actual,Data Breach,ATM Network,61.31,4,0.69,1.39,1,2.7,19,2,Normal,Good
OLE-0686,OLE,03-01-2023,03-01-2023,Actual,Data Breach,Payments,32.88,4,1.22,1.13,1,4,22,1,Normal,Good
ALE-0913,ALE,Synth-2022,Null,Synthetic,System Failure,ATM Network,84.54,3,2.99,3.37,2.65,3.6,17,1,Normal,Good
OLE-0570,OLE,31-10-2023,31-10-2023,Actual,Tech Failure,Retail Banking,76.68,3,0.88,0.52,1,2.9,15,1,Normal,Good
OLE-0566,OLE,14-07-2022,14-07-2022,Actual,Data Breach,Payments,67.12,2,1.1,0.94,1,3.9,23,1,Normal,Good
ALE-0901,ALE,Synth-2022,Null,Synthetic,Tech Failure,ATM Network,129.21,5,1.66,3.41,3.3,3.7,28,1,Normal,Good
OLE-0018,OLE,11-02-2022,11-02-2022,Actual,Cyber-Fraud,E-Banking,34.77,2,1.21,1.3,1,3.2,24,0,Normal,Good
OLE-0128,OLE,29-09-2022,29-09-2022,Actual,System Failure,Payments,42.23,1,0.56,0.86,1,2.6,22,0,Normal,Good
ALE-0489,ALE,Synth-2022,Null,Synthetic,Data Breach,ATM Network,138.73,1,1.73,2.26,2.78,2.5,22,1,Normal,Good
ALE-0422,ALE,Synth-2022,Null,Synthetic,Tech Failure,E-Banking,185.77,4,1.77,3.39,2.77,2.8,29,1,Normal,Good
ALE-1273,ALE,Synth-2022,Null,Synthetic,System Failure,Retail Banking,175.03,2,2.88,1.46,1.31,2.8,17,1,Normal,Good
ALE-0070,ALE,Synth-2022,Null,Synthetic,System Failure,Retail Banking,248.19,5,1.21,2.7,2.99,3.3,29,0,Normal,Good
ALE-0123,ALE,Synth-2022,Null,Synthetic,Data Breach,ATM Network,76.14,1,0.88,1.48,0.99,3,26,0,Normal,Good
OLE-0253,OLE,25-08-2022,25-08-2022,Actual,Data Breach,ATM Network,55.61,4,1.05,0.82,1,3.7,22,0,Normal,Good
OLE-0191,OLE,05-04-2022,05-04-2022,Actual,System Failure,E-Banking,15.33,2,0.78,0.66,1,3.8,21,1,Normal,Good
ALE-0282,ALE,Synth-2022,Null,Synthetic,System Failure,ATM Network,118.96,2,2.04,1.98,1.93,3.5,19,1,Normal,Good
ALE-0135,ALE,Synth-2022,Null,Synthetic,Data Breach,Retail Banking,120.04,2,1.81,2.46,1.73,2.7,20,2,Normal,Good
OLE-0700,OLE,15-03-2022,15-03-2022,Actual,System Failure,ATM Network,107.05,2,1.16,1.09,1,3.2,23,0,Normal,Good
ALE-1018,ALE,Synth-2022,Null,Synthetic,Phishing,E-Banking,233,1,1.11,2.51,1.91,3.3,29,0,Normal,Good
OLE-0607,OLE,16-03-2023,16-03-2023,Actual,System Failure,Retail Banking,47.85,2,1.15,1.48,1,2.6,21,0,Normal,Good
OLE-0181,OLE,27-04-2023,27-04-2023,Actual,System Failure,ATM Network,78.59,3,1.19,1.33,1,3.6,18,0,Normal,Good
OLE-0302,OLE,13-09-2022,13-09-2022,Actual,Data Breach,E-Banking,60.68,5,0.84,0.57,1,3.6,21,2,Normal,Good
OLE-0497,OLE,26-08-2023,26-08-2023,Actual,Data Breach,Payments,24.99,1,1.36,0.55,1,2.8,22,1,Normal,Good
ALE-1063,ALE,Synth-2022,Null,Synthetic,Phishing,Payments,213.3,5,1.52,1.33,0.96,2.6,19,0,Normal,Good
ALE-1078,ALE,Synth-2022,Null,Synthetic,Phishing,Payments,146.33,2,1.98,2.48,2.84,3.9,23,1,Normal,Good
ALE-1023,ALE,Synth-2022,Null,Synthetic,Tech Failure,Payments,142.09,4,0.85,2.65,2.19,4,28,0,Normal,Good
ALE-1142,ALE,Synth-2022,Null,Synthetic,Data Breach,ATM Network,154.25,1,2.76,2.49,2.38,3.4,22,1,Normal,Good
ALE-0997,ALE,Synth-2022,Null,Synthetic,Tech Failure,Retail Banking,97.97,5,1.89,2.94,2.52,2.9,15,1,Normal,Good
OLE-0518,OLE,21-01-2022,21-01-2022,Actual,Cyber-Fraud,Retail Banking,51.18,5,0.8,0.56,1,3.1,15,0,Normal,Good
ALE-0539,ALE,Synth-2022,Null,Synthetic,Data Breach,ATM Network,130.5,4,1.08,2.8,2.43,2.5,25,0,Normal,Good
ALE-0212,ALE,Synth-2022,Null,Synthetic,Phishing,Retail Banking,30.33,2,1.2,2.78,2.33,3.8,28,0,Normal,Good
OLE-0477,OLE,09-09-2022,09-09-2022,Actual,Tech Failure,Payments,85.42,3,0.69,1.19,1,3.9,21,0,Normal,Good
OLE-0158,OLE,02-07-2022,02-07-2022,Actual,System Failure,Payments,39.94,4,0.57,0.88,1,3.2,22,2,Normal,Good
ALE-0386,ALE,Synth-2022,Null,Synthetic,Tech Failure,Retail Banking,234.13,5,2.41,1.37,1.1,3.7,27,0,Normal,Good
ALE-0338,ALE,Synth-2022,Null,Synthetic,Phishing,E-Banking,297.57,2,2.57,3.02,2.5,3.7,22,1,Normal,Good
OLE-0017,OLE,04-11-2022,04-11-2022,Actual,Cyber-Fraud,Payments,42.14,3,1.35,0.9,1,3,19,2,Normal,Good
ALE-0678,ALE,Synth-2022,Null,Synthetic,Phishing,Payments,163.09,2,2.53,2.26,1.51,3.8,28,1,Normal,Good
ALE-0215,ALE,Synth-2022,Null,Synthetic,Data Breach,ATM Network,313.57,5,1.36,2.2,1.89,2.9,20,2,Normal,Good
ALE-1275,ALE,Synth-2022,Null,Synthetic,Phishing,Retail Banking,298.62,2,2.35,1.55,1.44,2.6,27,2,Normal,Good
OLE-0547,OLE,22-10-2022,22-10-2022,Actual,System Failure,Payments,40.44,4,0.45,0.81,1,3.9,18,1,Normal,Good
ALE-0682,ALE,Synth-2022,Null,Synthetic,Data Breach,ATM Network,265.93,1,0.83,3.06,2.1,3.7,22,2,Normal,Good
OLE-0659,OLE,09-04-2023,09-04-2023,Actual,Tech Failure,Payments,71.6,5,1.21,0.55,1,3.8,15,0,Normal,Good
ALE-0981,ALE,Synth-2022,Null,Synthetic,System Failure,Retail Banking,95.43,3,0.84,3.42,3.78,3.7,19,0,Normal,Good
ALE-0162,ALE,Synth-2022,Null,Synthetic,Data Breach,Retail Banking,192.29,2,2.14,2.55,2.41,3.2,21,2,Normal,Good
ALE-1194,ALE,Synth-2022,Null,Synthetic,Data Breach,E-Banking,160.97,3,2.42,2.89,3.4,3.8,17,2,Normal,Good
ALE-0647,ALE,Synth-2022,Null,Synthetic,Data Breach,E-Banking,67.6,5,1.65,3.12,2.13,3.7,27,2,Normal,Good
ALE-0102,ALE,Synth-2022,Null,Synthetic,System Failure,E-Banking,105.22,5,2.76,2.51,1.83,3.7,26,0,Normal,Good
ALE-1231,ALE,Synth-2022,Null,Synthetic,Phishing,Retail Banking,165.19,4,1.8,1.49,1.09,3.3,25,0,Normal,Good
OLE-0284,OLE,19-05-2023,19-05-2023,Actual,Cyber-Fraud,Payments,25.24,5,0.67,1.41,1,3.9,17,1,Normal,Good
ALE-0775,ALE,Synth-2022,Null,Synthetic,Cyber-Fraud,Online Services,162.5,5,1.36,1.41,1.65,3.1,20,1,Normal,Good
OLE-0798,OLE,10-09-2023,10-09-2023,Actual,Data Breach,E-Banking,30.23,5,1.33,0.73,1,2.7,19,0,Normal,Good
ALE-0982,ALE,Synth-2022,Null,Synthetic,Tech Failure,Payments,127.51,5,2.1,2.44,2.13,3.3,28,0,Normal,Good
OLE-0226,OLE,29-10-2023,29-10-2023,Actual,Tech Failure,Retail Banking,64.17,4,1.41,0.73,1,3.5,21,1,Normal,Good
OLE-0027,OLE,10-10-2023,10-10-2023,Actual,System Failure,E-Banking,95.44,1,1.47,1.32,1,3.3,20,2,Normal,Good
ALE-1147,ALE,Synth-2022,Null,Synthetic,Data Breach,ATM Network,10,3,2.16,3.31,2.94,2.7,24,2,Normal,Good
ALE-0942,ALE,Synth-2022,Null,Synthetic,Data Breach,ATM Network,53.68,3,1.35,1.67,1.87,3.1,25,2,Normal,Good
OLE-0438,OLE,05-03-2022,05-03-2022,Actual,Tech Failure,Retail Banking,5,3,1.19,1.17,1,2.7,17,0,Normal,Good
ALE-1263,ALE,Synth-2022,Null,Synthetic,Tech Failure,Retail Banking,284.08,2,0.96,1.67,1.93,2.6,26,2,Normal,Good
ALE-0531,ALE,Synth-2022,Null,Synthetic,Cyber-Fraud,Payments,86.41,1,2.09,2.01,1.77,3.4,23,1,Normal,Good
OLE-0230,OLE,24-06-2023,24-06-2023,Actual,Tech Failure,Payments,57.26,5,0.6,1.06,1,3,17,0,Normal,Good
OLE-0038,OLE,06-07-2022,06-07-2022,Actual,Data Breach,Retail Banking,98.85,1,0.57,0.85,1,2.6,14,1,Normal,Good
ALE-0836,ALE,Synth-2022,Null,Synthetic,Cyber-Fraud,Online Services,146.91,5,2.74,3.37,3.83,3.8,26,0,Normal,Good
OLE-0750,OLE,10-10-2022,10-10-2022,Actual,System Failure,E-Banking,5,4,0.36,0.68,1,3.9,23,1,Normal,Good
ALE-0188,ALE,Synth-2022,Null,Synthetic,Phishing,Payments,186.86,1,2.33,1.99,2.27,2.6,24,0,Normal,Good
ALE-0541,ALE,Synth-2022,Null,Synthetic,Tech Failure,Retail Banking,255.55,1,2.06,3.25,2.59,3.2,16,0,Normal,Good
OLE-0470,OLE,16-02-2022,16-02-2022,Actual,System Failure,ATM Network,50.25,2,0.52,1.04,1,3.5,14,1,Normal,Good
ALE-1059,ALE,Synth-2022,Null,Synthetic,Cyber-Fraud,E-Banking,201.9,4,2.29,2.71,2.85,2.7,15,0,Normal,Good
ALE-1272,ALE,Synth-2022,Null,Synthetic,Cyber-Fraud,Retail Banking,206.55,2,1.15,2.7,2.69,4,24,1,Normal,Good
OLE-0688,OLE,24-01-2022,24-01-2022,Actual,System Failure,E-Banking,24.52,2,1.48,1.13,1,3.1,20,2,Normal,Good
ALE-0199,ALE,Synth-2022,Null,Synthetic,Data Breach,Retail Banking,196.36,2,2.22,3.11,3.73,3.8,15,1,Normal,Good
OLE-0640,OLE,19-08-2023,19-08-2023,Actual,Tech Failure,Retail Banking,30.63,2,1.06,1.02,1,2.6,24,0,Normal,Good
ALE-1081,ALE,Synth-2022,Null,Synthetic,Tech Failure,Online Services,173.17,1,1.24,2.41,2.05,3.2,20,1,Normal,Good
ALE-0361,ALE,Synth-2022,Null,Synthetic,Cyber-Fraud,ATM Network,272.6,1,0.87,2.56,2.75,3,21,1,Normal,Good
ALE-0301,ALE,Synth-2022,Null,Synthetic,Tech Failure,Retail Banking,223.15,5,2.72,1.86,2.16,3.9,18,1,Normal,Good
ALE-0558,ALE,Synth-2022,Null,Synthetic,Tech Failure,Online Services,92.22,2,2.81,1.41,1.08,2.7,15,1,Normal,Good
ALE-0670,ALE,Synth-2022,Null,Synthetic,Cyber-Fraud,Retail Banking,102.08,2,1.29,3.47,3.42,2.7,19,1,Normal,Good
ALE-1016,ALE,Synth-2022,Null,Synthetic,System Failure,Retail Banking,89.71,5,2.78,1.9,1.65,3.1,27,2,Normal,Good
ALE-0443,ALE,Synth-2022,Null,Synthetic,Data Breach,Payments,173.87,4,1.76,1.66,1.9,3.2,23,0,Normal,Good
ALE-1199,ALE,Synth-2022,Null,Synthetic,Cyber-Fraud,ATM Network,156.58,5,0.9,2.43,1.88,2.7,27,0,Normal,Good
OLE-0801,OLE,01-09-2022,01-09-2022,Actual,Cyber-Fraud,ATM Network,15.56,2,0.83,0.83,1,3.3,17,0,Normal,Good
ALE-0746,ALE,Synth-2022,Null,Synthetic,System Failure,ATM Network,148.27,4,1.4,2.53,1.96,3.5,27,2,Normal,Good
OLE-0161,OLE,20-09-2022,20-09-2022,Actual,Data Breach,Retail Banking,33.13,3,0.67,1.18,1,3.4,15,1,Normal,Good
ALE-0847,ALE,Synth-2022,Null,Synthetic,Cyber-Fraud,Retail Banking,85.32,3,2.09,1.83,2.22,3.7,23,1,Normal,Good
ALE-0099,ALE,Synth-2022,Null,Synthetic,System Failure,Payments,168.71,4,0.89,2.41,1.7,3.8,17,2,Normal,Good
ALE-0886,ALE,Synth-2022,Null,Synthetic,System Failure,Retail Banking,165.95,5,1.48,2.37,1.69,3.1,24,0,Normal,Good
ALE-0329,ALE,Synth-2022,Null,Synthetic,Tech Failure,E-Banking,275.55,2,1.89,3.23,3,2.9,19,1,Normal,Good
OLE-0822,OLE,03-01-2023,03-01-2023,Actual,System Failure,E-Banking,5,2,0.78,0.8,1,3.5,16,1,Normal,Good
ALE-0872,ALE,Synth-2022,Null,Synthetic,Cyber-Fraud,Payments,25.12,1,1.26,2.2,1.76,2.9,18,1,Normal,Good
ALE-1046,ALE,Synth-2022,Null,Synthetic,System Failure,Retail Banking,98.17,5,2.38,1.44,1.49,2.8,26,1,Normal,Good
ALE-0020,ALE,Synth-2022,Null,Synthetic,Phishing,ATM Network,147.3,1,1.69,2.26,2.79,2.9,28,0,Normal,Good
ALE-0056,ALE,Synth-2022,Null,Synthetic,Tech Failure,ATM Network,165.87,1,1.47,2.03,2.4,4,20,1,Normal,Good
OLE-0153,OLE,06-06-2023,06-06-2023,Actual,Data Breach,Payments,65.36,5,1.11,0.86,1,3.4,23,1,Normal,Good
OLE-0099,OLE,14-06-2022,14-06-2022,Actual,System Failure,Retail Banking,99.84,1,0.49,1.11,1,2.7,17,0,Normal,Good
ALE-1153,ALE,Synth-2022,Null,Synthetic,Phishing,E-Banking,188.8,3,2.46,2.06,1.81,3.1,29,2,Normal,Good
OLE-0510,OLE,14-03-2023,14-03-2023,Actual,Cyber-Fraud,E-Banking,32.95,1,1.48,1.1,1,2.6,19,2,Normal,Good
ALE-0278,ALE,Synth-2022,Null,Synthetic,Cyber-Fraud,Retail Banking,167.32,5,2.24,2.36,1.81,2.5,28,1,Normal,Good
ALE-0393,ALE,Synth-2022,Null,Synthetic,Tech Failure,E-Banking,252.15,2,1.98,3.49,3.23,3.4,15,0,Normal,Good
ALE-1026,ALE,Synth-2022,Null,Synthetic,Phishing,Online Services,138.91,4,2.96,3.06,2.36,3.5,24,1,Normal,Good
OLE-0104,OLE,24-04-2022,24-04-2022,Actual,Data Breach,Payments,17.14,4,0.45,1.38,1,3.1,23,1,Normal,Good
ALE-0588,ALE,Synth-2022,Null,Synthetic,Phishing,ATM Network,251.42,1,2.19,2.51,2.35,3,17,2,Normal,Good
ALE-0586,ALE,Synth-2022,Null,Synthetic,Data Breach,Online Services,95.16,3,1.87,1.4,1.01,3.6,21,1,Normal,Good
ALE-1109,ALE,Synth-2022,Null,Synthetic,Data Breach,E-Banking,180.45,5,2.72,1.96,2.2,3.7,26,1,Normal,Good
OLE-0587,OLE,21-10-2023,21-10-2023,Actual,Tech Failure,Retail Banking,5,2,1.43,1.5,1,3.2,14,2,Normal,Good
ALE-1144,ALE,Synth-2022,Null,Synthetic,Cyber-Fraud,ATM Network,216.24,1,1.06,3.35,3.34,3.8,24,0,Normal,Good
ALE-0839,ALE,Synth-2022,Null,Synthetic,Data Breach,E-Banking,149.23,1,2.94,1.24,0.85,3.1,24,1,Normal,Good
ALE-0286,ALE,Synth-2022,Null,Synthetic,System Failure,E-Banking,195.88,4,2.33,2.06,1.41,3.7,15,2,Normal,Good
OLE-0054,OLE,19-11-2022,19-11-2022,Actual,Tech Failure,ATM Network,36.23,3,0.53,0.71,1,3.2,15,0,Normal,Good
OLE-0152,OLE,18-03-2022,18-03-2022,Actual,Tech Failure,Payments,66.06,4,0.74,0.62,1,3.1,17,0,Normal,Good
OLE-0404,OLE,24-09-2023,24-09-2023,Actual,Tech Failure,E-Banking,60.33,1,0.58,1.37,1,3.9,23,1,Normal,Good
ALE-0297,ALE,Synth-2022,Null,Synthetic,System Failure,ATM Network,108.52,4,0.87,1.5,1.06,3.6,19,2,Normal,Good
OLE-0208,OLE,26-08-2023,26-08-2023,Actual,Cyber-Fraud,Retail Banking,56.49,5,0.39,0.88,1,3.1,18,1,Normal,Good
ALE-1236,ALE,Synth-2022,Null,Synthetic,Cyber-Fraud,Retail Banking,237.76,4,1.2,3.44,2.98,2.6,20,2,Normal,Good
ALE-0825,ALE,Synth-2022,Null,Synthetic,Tech Failure,Retail Banking,160.5,2,1.17,3.45,3.25,2.7,16,0,Normal,Good
ALE-0265,ALE,Synth-2022,Null,Synthetic,Cyber-Fraud,ATM Network,122.42,3,1.65,2.43,1.75,3.4,17,2,Normal,Good
ALE-1123,ALE,Synth-2022,Null,Synthetic,Tech Failure,Retail Banking,95.59,4,1.11,2.74,2.84,3.2,15,1,Normal,Good
OLE-0009,OLE,02-01-2023,02-01-2023,Actual,Tech Failure,Retail Banking,55.73,4,0.48,1.49,1,3.9,24,1,Normal,Good
ALE-0157,ALE,Synth-2022,Null,Synthetic,Cyber-Fraud,Online Services,129.01,2,1.97,1.32,1.18,3.9,24,2,Normal,Good
ALE-1177,ALE,Synth-2022,Null,Synthetic,Phishing,Retail Banking,144.31,4,2.33,3.11,3.77,3,25,0,Normal,Good
ALE-0203,ALE,Synth-2022,Null,Synthetic,System Failure,E-Banking,150.14,3,1.93,1.59,1.26,3.8,28,2,Normal,Good
OLE-0453,OLE,15-01-2023,15-01-2023,Actual,System Failure,E-Banking,24.84,4,0.5,1.23,1,2.8,23,0,Normal,Good
ALE-0818,ALE,Synth-2022,Null,Synthetic,Data Breach,Online Services,97.45,1,2.06,2.25,2.49,3.2,15,0,Normal,Good
OLE-0254,OLE,22-11-2023,22-11-2023,Actual,Tech Failure,ATM Network,56.9,3,1.32,1.48,1,3.4,17,0,Normal,Good
ALE-0470,ALE,Synth-2022,Null,Synthetic,Cyber-Fraud,E-Banking,133.95,5,1.36,3.4,4.15,2.8,21,1,Normal,Good
ALE-0039,ALE,Synth-2022,Null,Synthetic,Tech Failure,E-Banking,174.97,3,1.87,2.36,2.56,3.7,21,0,Normal,Good
ALE-1104,ALE,Synth-2022,Null,Synthetic,Tech Failure,E-Banking,159.88,5,2.27,1.94,1.68,3.5,20,2,Normal,Good
ALE-0023,ALE,Synth-2022,Null,Synthetic,Phishing,E-Banking,273.27,4,1.75,2.31,1.84,2.5,22,2,Normal,Good
ALE-0738,ALE,Synth-2022,Null,Synthetic,Tech Failure,Retail Banking,11.86,4,0.95,1.59,1.17,3.5,20,1,Normal,Good
ALE-1233,ALE,Synth-2022,Null,Synthetic,Cyber-Fraud,E-Banking,26.74,1,2.1,2.86,2.13,2.7,24,0,Normal,Good
OLE-0624,OLE,12-09-2023,12-09-2023,Actual,Data Breach,ATM Network,48.27,2,0.75,0.59,1,3.2,22,2,Normal,Good
OLE-0346,OLE,04-11-2023,04-11-2023,Actual,System Failure,Retail Banking,47.76,4,0.8,1.01,1,3.9,14,0,Normal,Good
ALE-1070,ALE,Synth-2022,Null,Synthetic,Data Breach,ATM Network,129.91,1,0.98,3.22,3.85,3.3,18,0,Normal,Good
ALE-0930,ALE,Synth-2022,Null,Synthetic,Data Breach,ATM Network,219.97,2,1.54,2.35,1.85,4,19,1,Normal,Good
OLE-0263,OLE,22-08-2023,22-08-2023,Actual,System Failure,Retail Banking,102.97,3,1.05,1.15,1,2.9,15,1,Normal,Good
ALE-0777,ALE,Synth-2022,Null,Synthetic,Phishing,Retail Banking,66.2,3,1.05,3.48,3.44,3.5,19,0,Normal,Good
ALE-0464,ALE,Synth-2022,Null,Synthetic,System Failure,ATM Network,240.27,2,2.13,3.04,2.51,4,21,0,Normal,Good
ALE-0581,ALE,Synth-2022,Null,Synthetic,System Failure,Online Services,66.22,1,2.51,1.86,1.81,3.5,20,2,Normal,Good
OLE-0151,OLE,05-06-2023,05-06-2023,Actual,Tech Failure,E-Banking,74.32,1,1.02,1.19,1,2.7,14,2,Normal,Good
OLE-0473,OLE,17-05-2022,17-05-2022,Actual,Tech Failure,Payments,79.11,1,0.37,0.83,1,3.6,22,0,Normal,Good
ALE-0945,ALE,Synth-2022,Null,Synthetic,Cyber-Fraud,Retail Banking,88.98,2,1.12,3.4,3.98,2.6,24,2,Normal,Good
OLE-0641,OLE,20-03-2023,20-03-2023,Actual,Data Breach,Retail Banking,5,1,0.45,1.15,1,2.6,22,2,Normal,Good
ALE-0014,ALE,Synth-2022,Null,Synthetic,Data Breach,Payments,115.63,3,2.7,1.76,2.06,3,18,0,Normal,Good
ALE-1232,ALE,Synth-2022,Null,Synthetic,Data Breach,Retail Banking,136.17,5,1.86,2.93,3.46,2.8,27,2,Normal,Good
OLE-0551,OLE,18-06-2023,18-06-2023,Actual,Cyber-Fraud,ATM Network,49.74,4,0.57,1.24,1,3.9,22,1,Normal,Good
ALE-1156,ALE,Synth-2022,Null,Synthetic,Cyber-Fraud,Retail Banking,168.86,4,2.77,3.15,3.25,3.5,18,1,Normal,Good
ALE-0071,ALE,Synth-2022,Null,Synthetic,System Failure,Payments,175.36,1,1.81,1.64,1.73,2.5,17,2,Normal,Good
OLE-0489,OLE,14-04-2022,14-04-2022,Actual,Tech Failure,Retail Banking,46.61,3,1.05,1.05,1,3.1,16,1,Normal,Good
ALE-0986,ALE,Synth-2022,Null,Synthetic,Data Breach,E-Banking,72.57,5,0.84,2.7,2.53,3.5,15,2,Normal,Good
ALE-0877,ALE,Synth-2022,Null,Synthetic,Data Breach,E-Banking,163.85,4,2.21,3.43,3.83,3.1,17,2,Normal,Good
ALE-1192,ALE,Synth-2022,Null,Synthetic,Cyber-Fraud,Payments,271.98,2,1.88,1.91,2.19,2.6,15,2,Normal,Good
ALE-0314,ALE,Synth-2022,Null,Synthetic,Phishing,Retail Banking,317.38,2,2.29,2.81,2.15,3.6,19,0,Normal,Good
OLE-0147,OLE,20-07-2023,20-07-2023,Actual,Tech Failure,ATM Network,59.58,2,0.65,1.43,1,3.1,18,0,Normal,Good
ALE-1072,ALE,Synth-2022,Null,Synthetic,Cyber-Fraud,E-Banking,230.89,4,2.29,3.01,2.05,2.7,28,2,Normal,Good
ALE-0512,ALE,Synth-2022,Null,Synthetic,Tech Failure,Retail Banking,167.3,5,1.47,2.77,1.99,3.5,20,2,Normal,Good
OLE-0403,OLE,27-05-2022,27-05-2022,Actual,System Failure,Retail Banking,16.02,3,0.58,1.33,1,3.9,20,2,Normal,Good
ALE-0097,ALE,Synth-2022,Null,Synthetic,System Failure,ATM Network,125.91,4,2.44,3.43,3.1,3.8,19,0,Normal,Good
ALE-1228,ALE,Synth-2022,Null,Synthetic,Cyber-Fraud,Online Services,313.82,4,2.41,1.99,1.57,3.8,15,1,Normal,Good
OLE-0660,OLE,16-09-2023,16-09-2023,Actual,System Failure,Payments,9.5,5,0.96,0.59,1,3.6,19,0,Normal,Good
ALE-0937,ALE,Synth-2022,Null,Synthetic,Tech Failure,Payments,112.54,1,1.55,2.1,1.58,2.6,26,0,Normal,Good
ALE-0515,ALE,Synth-2022,Null,Synthetic,Data Breach,E-Banking,44.05,1,2.05,2.08,1.43,3.1,24,1,Normal,Good
OLE-0464,OLE,01-12-2022,01-12-2022,Actual,Cyber-Fraud,Retail Banking,62.55,2,1.24,1.1,1,3.1,20,2,Normal,Good
ALE-0492,ALE,Synth-2022,Null,Synthetic,Phishing,Online Services,167.18,3,2.91,2.89,2.18,2.9,21,2,Normal,Good
OLE-0187,OLE,02-06-2023,02-06-2023,Actual,System Failure,Payments,5,3,0.33,1.08,1,3.8,14,0,Normal,Good
ALE-0290,ALE,Synth-2022,Null,Synthetic,Data Breach,Payments,235.83,1,0.98,1.32,1.35,2.6,25,1,Normal,Good
ALE-0367,ALE,Synth-2022,Null,Synthetic,System Failure,E-Banking,177.23,1,0.83,1.55,1.42,2.6,25,1,Normal,Good
OLE-0609,OLE,17-02-2022,17-02-2022,Actual,Cyber-Fraud,ATM Network,39.47,3,0.33,1.28,1,2.5,21,0,Normal,Good
OLE-0144,OLE,02-09-2022,02-09-2022,Actual,Tech Failure,Payments,22.07,1,0.3,0.54,1,3.4,24,2,Normal,Good
OLE-0752,OLE,17-05-2022,17-05-2022,Actual,Tech Failure,Retail Banking,5,4,1.08,1.37,1,3.8,20,1,Normal,Good
ALE-0677,ALE,Synth-2022,Null,Synthetic,System Failure,E-Banking,211.87,5,2.57,1.5,1.55,2.9,20,2,Normal,Good
ALE-0124,ALE,Synth-2022,Null,Synthetic,Data Breach,E-Banking,192.64,5,2.98,1.77,1.53,3.8,24,0,Normal,Good
OLE-0198,OLE,14-09-2022,14-09-2022,Actual,Tech Failure,ATM Network,25.51,1,0.66,0.61,1,3.7,18,1,Normal,Good
ALE-0776,ALE,Synth-2022,Null,Synthetic,System Failure,ATM Network,46.64,2,1.02,2.59,2.03,3.5,18,2,Normal,Good
ALE-0026,ALE,Synth-2022,Null,Synthetic,Tech Failure,ATM Network,83.66,4,2.99,1.64,1.61,3.2,23,1,Normal,Good
ALE-1003,ALE,Synth-2022,Null,Synthetic,Data Breach,ATM Network,83.59,4,0.87,2.75,2.01,3.9,29,0,Normal,Good
OLE-0280,OLE,06-08-2022,06-08-2022,Actual,Data Breach,ATM Network,50.01,4,0.55,0.78,1,3.6,19,1,Normal,Good
OLE-0294,OLE,06-10-2023,06-10-2023,Actual,Tech Failure,ATM Network,69.44,5,0.7,0.64,1,3.5,20,0,Normal,Good
OLE-0767,OLE,19-10-2022,19-10-2022,Actual,Data Breach,ATM Network,6.27,5,0.59,1.24,1,2.8,21,1,Normal,Good
OLE-0401,OLE,06-10-2022,06-10-2022,Actual,Tech Failure,ATM Network,44.1,4,0.96,0.92,1,2.7,21,2,Normal,Good
OLE-0123,OLE,22-06-2023,22-06-2023,Actual,Cyber-Fraud,E-Banking,10.16,2,1.28,1.38,1,3.3,18,1,Normal,Good
ALE-0350,ALE,Synth-2022,Null,Synthetic,Data Breach,Payments,163.87,4,2.28,3.1,3.06,4,16,1,Normal,Good
OLE-0203,OLE,22-11-2023,22-11-2023,Actual,Data Breach,Retail Banking,82.26,5,1.12,0.97,1,3.4,18,2,Normal,Good
ALE-0605,ALE,Synth-2022,Null,Synthetic,System Failure,Online Services,48.65,2,2.39,2.68,2.69,2.9,15,2,Normal,Good
OLE-0836,OLE,10-09-2022,10-09-2022,Actual,Data Breach,Retail Banking,73.12,2,0.32,0.81,1,3.4,20,1,Normal,Good
OLE-0247,OLE,01-06-2023,01-06-2023,Actual,Data Breach,Payments,40.38,1,0.45,0.63,1,3.8,22,0,Normal,Good
ALE-0582,ALE,Synth-2022,Null,Synthetic,System Failure,Retail Banking,10,4,1.78,1.79,1.42,3,21,1,Normal,Good
ALE-0876,ALE,Synth-2022,Null,Synthetic,Phishing,Payments,75.78,3,1.23,1.62,1.62,2.9,17,2,Normal,Good
ALE-1126,ALE,Synth-2022,Null,Synthetic,Data Breach,Retail Banking,174.69,2,1.95,1.3,1.25,2.6,19,0,Normal,Good
OLE-0730,OLE,08-04-2022,08-04-2022,Actual,System Failure,E-Banking,5,3,1.21,0.71,1,3.6,19,2,Normal,Good
ALE-0850,ALE,Synth-2022,Null,Synthetic,Tech Failure,ATM Network,304.53,4,1.4,3.45,3.49,3.5,22,2,Normal,Good
ALE-1230,ALE,Synth-2022,Null,Synthetic,Cyber-Fraud,Online Services,261.59,5,2.59,3.07,2.54,3.6,20,0,Normal,Good
ALE-0296,ALE,Synth-2022,Null,Synthetic,Cyber-Fraud,Payments,155.26,3,2.83,3.16,2.35,3.1,22,2,Normal,Good
ALE-0804,ALE,Synth-2022,Null,Synthetic,Tech Failure,E-Banking,95.13,5,2.48,2.04,1.73,3.3,22,1,Normal,Good
ALE-0569,ALE,Synth-2022,Null,Synthetic,System Failure,ATM Network,108.04,1,1.61,2.84,3.43,3.1,29,0,Normal,Good
OLE-0385,OLE,12-07-2023,12-07-2023,Actual,Tech Failure,E-Banking,33.33,5,0.99,1.26,1,3.7,18,2,Normal,Good
ALE-1133,ALE,Synth-2022,Null,Synthetic,Tech Failure,Payments,332.99,1,2.21,3.39,3.59,3.6,21,0,Normal,Good
ALE-0902,ALE,Synth-2022,Null,Synthetic,Phishing,E-Banking,187.38,1,1.67,2.88,3.05,3.1,28,2,Normal,Good
OLE-0855,OLE,18-03-2022,18-03-2022,Actual,System Failure,Payments,87.78,2,0.88,0.61,1,2.7,23,1,Normal,Good
ALE-0732,ALE,Synth-2022,Null,Synthetic,System Failure,E-Banking,324.8,1,1.83,1.43,1.38,3.1,22,0,Normal,Good
OLE-0220,OLE,14-03-2023,14-03-2023,Actual,Cyber-Fraud,ATM Network,5,3,1.11,0.64,1,4,15,2,Normal,Good
OLE-0642,OLE,30-01-2023,30-01-2023,Actual,Cyber-Fraud,Payments,47.51,1,0.85,0.66,1,3,19,1,Normal,Good
OLE-0002,OLE,09-08-2023,09-08-2023,Actual,Cyber-Fraud,Retail Banking,41.26,1,1.1,0.6,1,3.5,22,0,Normal,Good
OLE-0113,OLE,24-08-2022,24-08-2022,Actual,Data Breach,Retail Banking,104.86,3,1.39,1.04,1,3.2,19,2,Normal,Good
OLE-0699,OLE,07-04-2023,07-04-2023,Actual,Cyber-Fraud,Retail Banking,52.09,1,0.46,0.79,1,3.8,15,1,Normal,Good
ALE-0247,ALE,Synth-2022,Null,Synthetic,Phishing,Payments,290.33,4,0.83,1.87,2.33,3.1,21,2,Normal,Good
ALE-0094,ALE,Synth-2022,Null,Synthetic,Data Breach,Payments,179.47,2,2.99,3.24,2.37,3.1,24,0,Normal,Good
ALE-0791,ALE,Synth-2022,Null,Synthetic,Phishing,Retail Banking,60.53,5,1.8,1.87,1.94,3.6,27,2,Normal,Good
ALE-0779,ALE,Synth-2022,Null,Synthetic,Data Breach,Payments,132.66,4,2.78,1.86,1.3,2.7,28,0,Normal,Good
ALE-1121,ALE,Synth-2022,Null,Synthetic,Tech Failure,Payments,120.6,1,0.82,1.63,1.27,2.6,16,0,Normal,Good
ALE-0553,ALE,Synth-2022,Null,Synthetic,Tech Failure,Online Services,128.72,3,2.72,3.19,3.01,2.8,25,0,Normal,Good
ALE-0552,ALE,Synth-2022,Null,Synthetic,Tech Failure,ATM Network,137.49,2,2.11,1.95,2.38,3.6,15,1,Normal,Good
ALE-0973,ALE,Synth-2022,Null,Synthetic,Cyber-Fraud,E-Banking,88.12,1,1.57,1.83,1.52,3.9,22,0,Normal,Good
ALE-0676,ALE,Synth-2022,Null,Synthetic,Tech Failure,E-Banking,157.47,2,1.29,1.99,1.48,3.4,27,1,Normal,Good
ALE-0434,ALE,Synth-2022,Null,Synthetic,Tech Failure,Retail Banking,128.65,5,2.24,2.77,2.09,3.3,29,2,Normal,Good
ALE-1191,ALE,Synth-2022,Null,Synthetic,Phishing,Payments,210.02,4,2.44,2.92,2.3,3.5,29,1,Normal,Good
OLE-0442,OLE,10-02-2022,10-02-2022,Actual,System Failure,ATM Network,55.87,4,0.87,0.57,1,2.6,23,2,Normal,Good
ALE-0663,ALE,Synth-2022,Null,Synthetic,Tech Failure,ATM Network,154.27,5,1.49,1.48,1.05,3.2,24,1,Normal,Good
ALE-0996,ALE,Synth-2022,Null,Synthetic,Phishing,E-Banking,49.26,1,2.26,2.05,1.64,3,21,2,Normal,Good
ALE-0279,ALE,Synth-2022,Null,Synthetic,Phishing,Retail Banking,119.46,3,1.67,1.72,1.87,3.5,16,1,Normal,Good
ALE-0858,ALE,Synth-2022,Null,Synthetic,System Failure,Retail Banking,116.32,2,1.71,2.7,1.8,3.9,27,2,Normal,Good
ALE-0399,ALE,Synth-2022,Null,Synthetic,Data Breach,Online Services,200.87,4,0.85,2.35,2.37,3.5,27,1,Normal,Good
ALE-1219,ALE,Synth-2022,Null,Synthetic,Tech Failure,Payments,183.93,5,1.12,3.12,2.84,2.8,15,0,Normal,Good
ALE-0774,ALE,Synth-2022,Null,Synthetic,Phishing,Retail Banking,278.45,4,2.9,1.97,1.65,3.1,18,0,Normal,Good
ALE-0838,ALE,Synth-2022,Null,Synthetic,Cyber-Fraud,E-Banking,92.37,4,2.78,1.47,1.44,3.7,28,2,Normal,Good
ALE-0540,ALE,Synth-2022,Null,Synthetic,System Failure,E-Banking,72.59,1,1.03,3.43,3.65,2.6,19,0,Normal,Good
ALE-0993,ALE,Synth-2022,Null,Synthetic,Phishing,E-Banking,10,5,2.42,1.87,1.85,3.7,20,2,Normal,Good
OLE-0664,OLE,17-07-2022,17-07-2022,Actual,System Failure,Retail Banking,105.48,2,1.11,1.36,1,3.9,23,1,Normal,Good
OLE-0684,OLE,28-01-2023,28-01-2023,Actual,Tech Failure,Retail Banking,81.54,2,1.02,0.61,1,2.5,15,1,Normal,Good
ALE-0400,ALE,Synth-2022,Null,Synthetic,Cyber-Fraud,Retail Banking,122.18,5,2.29,1.66,1.45,3.7,16,1,Normal,Good
ALE-0985,ALE,Synth-2022,Null,Synthetic,Data Breach,Retail Banking,178.29,3,2.57,1.43,0.98,2.7,15,2,Normal,Good
ALE-1150,ALE,Synth-2022,Null,Synthetic,Tech Failure,Online Services,275.57,5,1.23,2.94,2.35,3.9,25,2,Normal,Good
ALE-0843,ALE,Synth-2022,Null,Synthetic,Cyber-Fraud,Payments,119.91,2,1.24,1.63,1.67,3,15,1,Normal,Good
OLE-0318,OLE,13-07-2023,13-07-2023,Actual,Cyber-Fraud,E-Banking,69.34,3,1.27,1.36,1,4,16,2,Normal,Good
OLE-0649,OLE,05-11-2022,05-11-2022,Actual,System Failure,Retail Banking,65.45,3,1.18,0.78,1,3.5,16,2,Normal,Good
ALE-0577,ALE,Synth-2022,Null,Synthetic,Tech Failure,Retail Banking,190.99,4,1.4,3.21,2.4,3,20,2,Normal,Good
ALE-0622,ALE,Synth-2022,Null,Synthetic,Cyber-Fraud,E-Banking,81.62,5,2.28,1.22,1.08,2.8,18,0,Normal,Good
OLE-0710,OLE,10-10-2023,10-10-2023,Actual,Cyber-Fraud,Retail Banking,81.92,3,1.06,1.4,1,3.4,18,0,Normal,Good
ALE-0525,ALE,Synth-2022,Null,Synthetic,Cyber-Fraud,ATM Network,208.4,1,1.01,3.49,3.53,3.8,27,2,Normal,Good
ALE-0425,ALE,Synth-2022,Null,Synthetic,Data Breach,E-Banking,179.16,3,2.85,1.93,1.32,3.1,18,0,Normal,Good
ALE-0911,ALE,Synth-2022,Null,Synthetic,System Failure,Payments,156.79,3,2.31,1.94,2.07,3.8,25,0,Normal,Good
ALE-0115,ALE,Synth-2022,Null,Synthetic,Data Breach,Retail Banking,170.68,3,1.82,2.58,2.8,3.6,16,1,Normal,Good
OLE-0628,OLE,07-04-2023,07-04-2023,Actual,Data Breach,ATM Network,23,4,0.53,0.81,1,4,15,1,Normal,Good
OLE-0633,OLE,04-04-2022,04-04-2022,Actual,Cyber-Fraud,E-Banking,73.98,1,0.56,0.87,1,3.1,17,2,Normal,Good
ALE-1158,ALE,Synth-2022,Null,Synthetic,Data Breach,Retail Banking,172.98,4,2.13,3.34,2.39,2.6,27,0,Normal,Good
ALE-0449,ALE,Synth-2022,Null,Synthetic,System Failure,Online Services,120.04,1,1.93,1.76,1.89,2.6,16,2,Normal,Good
ALE-0543,ALE,Synth-2022,Null,Synthetic,System Failure,Payments,145.57,5,1.03,2.23,2.23,2.7,20,2,Normal,Good
ALE-0551,ALE,Synth-2022,Null,Synthetic,Phishing,E-Banking,166.4,2,2.16,2.43,2.89,2.6,26,1,Normal,Good
ALE-0391,ALE,Synth-2022,Null,Synthetic,Tech Failure,ATM Network,174.95,1,0.8,2.87,2.28,3.6,25,2,Normal,Good
ALE-1264,ALE,Synth-2022,Null,Synthetic,Tech Failure,Retail Banking,10,3,0.99,2.63,1.86,3,25,1,Normal,Good
ALE-0397,ALE,Synth-2022,Null,Synthetic,Data Breach,E-Banking,102.66,4,1.83,1.9,1.73,3,21,1,Normal,Good
ALE-0639,ALE,Synth-2022,Null,Synthetic,Data Breach,Online Services,163.99,4,1.79,2.17,1.88,3.9,20,1,Normal,Good
ALE-0514,ALE,Synth-2022,Null,Synthetic,System Failure,E-Banking,208.57,2,2.31,2.28,2.03,4,25,1,Normal,Good
ALE-0672,ALE,Synth-2022,Null,Synthetic,Data Breach,ATM Network,109.59,4,2.07,2.19,1.75,3.7,15,1,Normal,Good
ALE-0806,ALE,Synth-2022,Null,Synthetic,Tech Failure,E-Banking,144.27,2,2.27,2.38,2.26,3.6,19,0,Normal,Good
ALE-0497,ALE,Synth-2022,Null,Synthetic,Cyber-Fraud,Payments,188.77,1,1.89,2.63,2.23,3.6,24,2,Normal,Good
ALE-1238,ALE,Synth-2022,Null,Synthetic,Tech Failure,Retail Banking,145.58,1,2.18,3.24,2.39,3.1,15,2,Normal,Good
ALE-0964,ALE,Synth-2022,Null,Synthetic,System Failure,Retail Banking,194.09,4,2.02,2.8,2.3,2.7,16,2,Normal,Good
ALE-1252,ALE,Synth-2022,Null,Synthetic,Phishing,E-Banking,39.73,4,0.95,2.61,1.87,3,21,0,Normal,Good
ALE-1241,ALE,Synth-2022,Null,Synthetic,Cyber-Fraud,Retail Banking,255.02,4,1.23,1.5,1.03,2.7,15,0,Normal,Good
ALE-0786,ALE,Synth-2022,Null,Synthetic,Data Breach,E-Banking,10,1,2.35,3.47,2.98,3.7,19,2,Normal,Good
ALE-0194,ALE,Synth-2022,Null,Synthetic,Tech Failure,E-Banking,156.39,3,2.16,3.47,2.78,3.8,17,1,Normal,Good
OLE-0796,OLE,11-06-2022,11-06-2022,Actual,Tech Failure,Retail Banking,5,3,0.91,0.73,1,3.8,15,2,Normal,Good
OLE-0646,OLE,14-08-2022,14-08-2022,Actual,Tech Failure,ATM Network,33.62,3,0.89,1.02,1,3.5,24,0,Normal,Good
ALE-0155,ALE,Synth-2022,Null,Synthetic,Phishing,Payments,221.35,1,1.31,2.13,1.55,2.8,22,2,Normal,Good
ALE-1119,ALE,Synth-2022,Null,Synthetic,Cyber-Fraud,Online Services,213.11,2,1.61,2.68,1.83,2.6,18,1,Normal,Good
ALE-0740,ALE,Synth-2022,Null,Synthetic,System Failure,ATM Network,125.63,3,1.28,2.88,2.3,4,26,1,Normal,Good
OLE-0557,OLE,01-07-2023,01-07-2023,Actual,System Failure,Payments,39.77,1,1.2,0.98,1,2.8,17,0,Normal,Good
OLE-0682,OLE,06-05-2022,06-05-2022,Actual,Data Breach,Payments,46.56,5,0.5,0.85,1,3,23,0,Normal,Good
OLE-0578,OLE,04-01-2023,04-01-2023,Actual,Tech Failure,Retail Banking,43.62,5,0.99,0.83,1,3,18,1,Normal,Good
ALE-0962,ALE,Synth-2022,Null,Synthetic,Tech Failure,Online Services,352.61,3,1.87,2.27,1.8,2.7,19,1,Potential Outlier,Review Required
ALE-0252,ALE,Synth-2022,Null,Synthetic,Cyber-Fraud,Online Services,220.43,5,1.14,3.05,2.64,4,23,2,Normal,Good
ALE-0409,ALE,Synth-2022,Null,Synthetic,Tech Failure,Retail Banking,158.82,5,1.24,3.48,2.56,3.6,18,0,Normal,Good
ALE-0865,ALE,Synth-2022,Null,Synthetic,Tech Failure,ATM Network,145.25,5,1.54,1.35,1.23,3.1,28,2,Normal,Good
ALE-1005,ALE,Synth-2022,Null,Synthetic,System Failure,ATM Network,99.91,4,1.81,3.43,3.41,3.4,25,2,Normal,Good
ALE-0326,ALE,Synth-2022,Null,Synthetic,Cyber-Fraud,Payments,215.21,1,2.41,2.61,1.9,3.1,18,1,Normal,Good
OLE-0525,OLE,18-10-2023,18-10-2023,Actual,Cyber-Fraud,Payments,46.81,2,0.84,1.24,1,3.5,23,0,Normal,Good
ALE-0202,ALE,Synth-2022,Null,Synthetic,System Failure,Retail Banking,217.66,4,2.32,2.6,2.21,3.2,16,1,Normal,Good
OLE-0541,OLE,07-06-2022,07-06-2022,Actual,System Failure,Payments,58.37,2,1.41,1.32,1,3.3,17,1,Normal,Good
ALE-0337,ALE,Synth-2022,Null,Synthetic,Phishing,E-Banking,165.87,3,2,2.83,3.39,2.6,16,2,Normal,Good
ALE-0821,ALE,Synth-2022,Null,Synthetic,Tech Failure,ATM Network,114.53,4,1.68,2.88,2.46,3.7,25,1,Normal,Good
OLE-0749,OLE,27-06-2023,27-06-2023,Actual,Tech Failure,Payments,54.55,2,0.48,1.3,1,3.6,20,1,Normal,Good
OLE-0231,OLE,11-07-2023,11-07-2023,Actual,Cyber-Fraud,ATM Network,28.7,5,1.47,0.53,1,3.8,22,0,Normal,Good
ALE-0573,ALE,Synth-2022,Null,Synthetic,Data Breach,Retail Banking,10,4,1.61,1.3,1.29,3.3,18,2,Normal,Good
OLE-0485,OLE,06-11-2022,06-11-2022,Actual,Tech Failure,Retail Banking,33.9,2,0.35,1.2,1,3,18,0,Normal,Good
ALE-0900,ALE,Synth-2022,Null,Synthetic,Tech Failure,Retail Banking,187.51,5,1.11,1.67,1.3,3.3,22,0,Normal,Good
ALE-1066,ALE,Synth-2022,Null,Synthetic,Data Breach,Retail Banking,32.21,2,2.89,2.85,2.49,3.5,28,2,Normal,Good
OLE-0096,OLE,08-01-2022,08-01-2022,Actual,Tech Failure,Payments,96.3,5,1.14,1.43,1,3.7,16,1,Normal,Good
ALE-0163,ALE,Synth-2022,Null,Synthetic,Phishing,E-Banking,122.42,4,2.76,2.23,1.9,3.1,20,1,Normal,Good
OLE-0564,OLE,27-11-2023,27-11-2023,Actual,Data Breach,Retail Banking,9.62,5,0.52,0.93,1,2.7,20,0,Normal,Good
ALE-0006,ALE,Synth-2022,Null,Synthetic,Cyber-Fraud,ATM Network,206.59,1,2.35,3.4,2.9,3.1,25,2,Normal,Good
ALE-0627,ALE,Synth-2022,Null,Synthetic,System Failure,Payments,122.71,4,1.5,2.1,2.11,3.9,19,2,Normal,Good
ALE-1024,ALE,Synth-2022,Null,Synthetic,Phishing,E-Banking,119.98,5,1.62,1.88,2.07,2.7,19,2,Normal,Good
ALE-0181,ALE,Synth-2022,Null,Synthetic,Cyber-Fraud,E-Banking,229.66,4,2.96,3.33,2.33,3.6,18,1,Normal,Good
OLE-0207,OLE,29-04-2022,29-04-2022,Actual,Cyber-Fraud,Payments,110.54,4,0.85,0.77,1,2.8,23,2,Normal,Good
OLE-0393,OLE,13-12-2023,13-12-2023,Actual,System Failure,Retail Banking,41.46,3,0.61,0.81,1,3.8,20,2,Normal,Good
ALE-0013,ALE,Synth-2022,Null,Synthetic,Data Breach,Payments,225.01,4,2.29,1.77,2.18,2.8,24,1,Normal,Good
OLE-0398,OLE,01-08-2023,01-08-2023,Actual,System Failure,ATM Network,72.79,4,0.58,0.71,1,3.8,21,1,Normal,Good
ALE-1208,ALE,Synth-2022,Null,Synthetic,Tech Failure,Retail Banking,235.71,2,2.17,2.26,1.55,3.1,23,1,Normal,Good
ALE-0171,ALE,Synth-2022,Null,Synthetic,Phishing,Payments,220.47,5,1.99,1.86,2.1,3.6,17,1,Normal,Good
ALE-0628,ALE,Synth-2022,Null,Synthetic,Data Breach,ATM Network,188.42,5,2.31,1.69,1.21,2.6,17,0,Normal,Good
ALE-0103,ALE,Synth-2022,Null,Synthetic,System Failure,Retail Banking,129.08,3,2.67,2.87,2.07,2.9,28,0,Normal,Good
ALE-0713,ALE,Synth-2022,Null,Synthetic,System Failure,ATM Network,142.3,5,2.01,1.83,1.88,2.7,21,2,Normal,Good
ALE-1038,ALE,Synth-2022,Null,Synthetic,System Failure,Payments,183.34,2,2.77,1.25,0.89,3.9,16,2,Normal,Good
OLE-0805,OLE,29-04-2023,29-04-2023,Actual,Tech Failure,E-Banking,5,4,1.06,1.47,1,3.7,21,0,Normal,Good
ALE-0894,ALE,Synth-2022,Null,Synthetic,System Failure,Retail Banking,184.89,4,2.73,2.81,2.23,3.6,29,2,Normal,Good
OLE-0503,OLE,22-12-2023,22-12-2023,Actual,Data Breach,E-Banking,74.64,1,0.74,1.25,1,3.8,20,1,Normal,Good
OLE-0780,OLE,10-04-2022,10-04-2022,Actual,Tech Failure,Payments,113.08,1,0.67,1.39,1,3.7,20,1,Normal,Good
ALE-1006,ALE,Synth-2022,Null,Synthetic,Tech Failure,ATM Network,10,1,1.89,2.26,1.74,2.6,26,0,Normal,Good
OLE-0201,OLE,19-03-2023,19-03-2023,Actual,System Failure,ATM Network,25.06,3,1.18,1.15,1,3.7,20,0,Normal,Good
ALE-0939,ALE,Synth-2022,Null,Synthetic,Cyber-Fraud,Retail Banking,66.36,4,1.48,1.92,2,3,25,2,Normal,Good
OLE-0379,OLE,06-07-2022,06-07-2022,Actual,Tech Failure,Payments,76.61,3,0.94,0.6,1,2.8,24,2,Normal,Good
OLE-0419,OLE,19-12-2022,19-12-2022,Actual,Cyber-Fraud,E-Banking,69.9,2,1.02,1.01,1,2.6,24,1,Normal,Good
ALE-0841,ALE,Synth-2022,Null,Synthetic,System Failure,ATM Network,188.35,5,0.88,1.94,1.45,3.9,20,2,Normal,Good
OLE-0392,OLE,27-09-2023,27-09-2023,Actual,Tech Failure,E-Banking,26.49,4,1.39,0.66,1,2.8,15,2,Normal,Good
ALE-0665,ALE,Synth-2022,Null,Synthetic,Cyber-Fraud,Retail Banking,80.02,5,2.34,3.28,2.41,2.9,18,0,Normal,Good
ALE-0305,ALE,Synth-2022,Null,Synthetic,Cyber-Fraud,E-Banking,143.86,1,2.74,3.41,2.39,3.6,25,1,Normal,Good
ALE-0638,ALE,Synth-2022,Null,Synthetic,Phishing,E-Banking,240.92,2,2.79,2.36,1.94,3.6,24,0,Normal,Good
ALE-1170,ALE,Synth-2022,Null,Synthetic,System Failure,Retail Banking,273.13,1,2.62,1.87,1.37,3.9,27,2,Normal,Good
ALE-0295,ALE,Synth-2022,Null,Synthetic,Data Breach,ATM Network,250.23,3,0.89,1.92,1.6,3.9,16,1,Normal,Good
ALE-0510,ALE,Synth-2022,Null,Synthetic,Cyber-Fraud,Retail Banking,206.57,4,2.72,1.51,1.64,3,21,1,Normal,Good
OLE-0065,OLE,25-07-2023,25-07-2023,Actual,Cyber-Fraud,ATM Network,59.76,4,1.24,1.33,1,3.2,21,2,Normal,Good
ALE-1205,ALE,Synth-2022,Null,Synthetic,Cyber-Fraud,Retail Banking,121.3,1,2.87,3.06,2.23,2.8,26,0,Normal,Good
ALE-0323,ALE,Synth-2022,Null,Synthetic,Cyber-Fraud,Payments,83.41,5,1.92,2.78,2.24,3.7,17,2,Normal,Good
OLE-0493,OLE,28-12-2023,28-12-2023,Actual,Cyber-Fraud,E-Banking,65.68,5,0.81,1.12,1,2.6,20,2,Normal,Good
OLE-0380,OLE,27-08-2023,27-08-2023,Actual,Tech Failure,E-Banking,95.44,5,0.6,0.92,1,3.7,20,2,Normal,Good
OLE-0764,OLE,31-05-2023,31-05-2023,Actual,Data Breach,Retail Banking,89.26,4,1.17,0.82,1,3,14,0,Normal,Good
OLE-0792,OLE,03-09-2023,03-09-2023,Actual,System Failure,E-Banking,39.98,1,0.63,0.57,1,3.6,20,0,Normal,Good
ALE-0219,ALE,Synth-2022,Null,Synthetic,System Failure,Payments,185.76,1,1.83,3.36,3.61,4,18,0,Normal,Good
ALE-0021,ALE,Synth-2022,Null,Synthetic,Cyber-Fraud,ATM Network,170.48,3,1.65,1.76,1.22,3.3,22,2,Normal,Good
OLE-0338,OLE,06-12-2023,06-12-2023,Actual,Cyber-Fraud,Retail Banking,41.45,3,0.69,0.8,1,2.8,23,2,Normal,Good
ALE-0159,ALE,Synth-2022,Null,Synthetic,Tech Failure,Payments,76.89,1,2.91,2.79,2.05,3.1,20,0,Normal,Good
ALE-0418,ALE,Synth-2022,Null,Synthetic,Cyber-Fraud,ATM Network,134.12,4,2.55,2.22,2.17,3.6,21,0,Normal,Good
OLE-0456,OLE,21-12-2023,21-12-2023,Actual,System Failure,E-Banking,60.02,4,1.04,1.02,1,3,20,0,Normal,Good
OLE-0816,OLE,07-05-2022,07-05-2022,Actual,System Failure,Retail Banking,24.73,5,1.38,1.4,1,3.5,15,1,Normal,Good
ALE-0138,ALE,Synth-2022,Null,Synthetic,Tech Failure,Retail Banking,118.19,2,1.51,3,2.25,3.2,15,2,Normal,Good
ALE-1124,ALE,Synth-2022,Null,Synthetic,Cyber-Fraud,ATM Network,190.32,3,1.6,2.53,2.71,3.7,27,0,Normal,Good
OLE-0202,OLE,19-01-2022,19-01-2022,Actual,Tech Failure,E-Banking,92.51,5,0.65,0.64,1,3.5,15,2,Normal,Good
OLE-0162,OLE,18-01-2022,18-01-2022,Actual,Cyber-Fraud,Payments,43.72,1,0.43,0.67,1,4,21,2,Normal,Good
ALE-0722,ALE,Synth-2022,Null,Synthetic,Data Breach,ATM Network,168.67,1,1.35,2.19,1.92,2.7,21,1,Normal,Good
OLE-0703,OLE,13-12-2023,13-12-2023,Actual,System Failure,E-Banking,48.63,1,1.41,1.21,1,3.1,19,2,Normal,Good
ALE-0643,ALE,Synth-2022,Null,Synthetic,Data Breach,Online Services,156.91,1,0.99,1.86,1.38,2.7,23,0,Normal,Good
ALE-0272,ALE,Synth-2022,Null,Synthetic,Cyber-Fraud,Payments,132.39,2,2.81,1.59,1.16,3.9,23,0,Normal,Good
ALE-0164,ALE,Synth-2022,Null,Synthetic,System Failure,Retail Banking,115.49,4,1.33,2.06,2.14,3.3,24,2,Normal,Good
ALE-0728,ALE,Synth-2022,Null,Synthetic,System Failure,E-Banking,222.82,5,2.11,1.74,1.19,3.4,26,1,Normal,Good
ALE-1098,ALE,Synth-2022,Null,Synthetic,Cyber-Fraud,Payments,92.4,2,1.65,2.9,2.16,3.4,18,2,Normal,Good
OLE-0035,OLE,25-09-2023,25-09-2023,Actual,Cyber-Fraud,E-Banking,28.99,3,0.58,0.89,1,3.4,22,1,Normal,Good
OLE-0776,OLE,30-08-2023,30-08-2023,Actual,Data Breach,ATM Network,77.04,3,1.49,0.77,1,3.7,19,1,Normal,Good
ALE-0621,ALE,Synth-2022,Null,Synthetic,Data Breach,Retail Banking,73.65,5,1.37,3.37,2.88,3.7,21,0,Normal,Good
ALE-0533,ALE,Synth-2022,Null,Synthetic,Phishing,Online Services,208.44,2,1.89,1.92,1.69,3,25,0,Normal,Good
ALE-0506,ALE,Synth-2022,Null,Synthetic,Cyber-Fraud,Online Services,205.61,4,0.97,3.26,2.39,2.7,20,2,Normal,Good
ALE-1184,ALE,Synth-2022,Null,Synthetic,System Failure,Payments,133.35,3,1.9,1.64,1.38,3.1,21,0,Normal,Good
OLE-0242,OLE,09-05-2022,09-05-2022,Actual,Data Breach,Retail Banking,90.13,3,0.63,0.63,1,3,19,2,Normal,Good
ALE-1204,ALE,Synth-2022,Null,Synthetic,Data Breach,Payments,326.69,4,1.36,2.66,2.9,3.1,21,0,Normal,Good
OLE-0601,OLE,02-03-2023,02-03-2023,Actual,Tech Failure,Payments,36.51,4,0.87,1.26,1,3.5,15,0,Normal,Good
ALE-0440,ALE,Synth-2022,Null,Synthetic,System Failure,ATM Network,203.06,3,1.5,1.59,1.62,2.6,21,2,Normal,Good
ALE-1211,ALE,Synth-2022,Null,Synthetic,Tech Failure,Payments,127.39,3,2.01,3,3.04,3.5,24,2,Normal,Good
OLE-0647,OLE,29-03-2022,29-03-2022,Actual,Cyber-Fraud,E-Banking,76.66,5,1.19,1.14,1,3,24,1,Normal,Good
ALE-0671,ALE,Synth-2022,Null,Synthetic,Tech Failure,Retail Banking,52.1,5,2.04,2.84,2.17,3.5,22,0,Normal,Good
ALE-0410,ALE,Synth-2022,Null,Synthetic,System Failure,Online Services,161.36,2,2.06,1.71,1.22,3.6,23,2,Normal,Good
ALE-1042,ALE,Synth-2022,Null,Synthetic,Data Breach,Online Services,62.64,1,2.2,1.3,0.87,3,23,2,Normal,Good
OLE-0563,OLE,29-11-2023,29-11-2023,Actual,Cyber-Fraud,E-Banking,57.27,3,0.71,1.37,1,2.6,20,2,Normal,Good
OLE-0190,OLE,31-12-2023,31-12-2023,Actual,System Failure,Retail Banking,24.52,2,1.16,1.32,1,3.7,19,1,Normal,Good
ALE-0949,ALE,Synth-2022,Null,Synthetic,System Failure,Payments,85.45,1,2.6,3.01,2.07,3.6,15,1,Normal,Good
ALE-0118,ALE,Synth-2022,Null,Synthetic,Phishing,ATM Network,204.01,3,2.37,2.72,2.2,2.9,21,2,Normal,Good
ALE-1190,ALE,Synth-2022,Null,Synthetic,System Failure,Retail Banking,202.66,4,1.01,1.81,1.26,2.9,21,1,Normal,Good
ALE-0225,ALE,Synth-2022,Null,Synthetic,Phishing,Retail Banking,257.57,1,1.13,1.61,1.61,3.9,16,0,Normal,Good
OLE-0475,OLE,13-01-2022,13-01-2022,Actual,Data Breach,E-Banking,22.52,5,0.58,0.6,1,2.8,15,1,Normal,Good
OLE-0748,OLE,17-04-2022,17-04-2022,Actual,Data Breach,Retail Banking,79.15,2,1.25,1.18,1,3.8,18,2,Normal,Good
OLE-0022,OLE,04-06-2022,04-06-2022,Actual,Cyber-Fraud,Payments,29,4,0.33,0.84,1,3.1,15,0,Normal,Good
OLE-0460,OLE,17-03-2022,17-03-2022,Actual,Data Breach,E-Banking,20.53,3,0.71,1.37,1,2.5,14,2,Normal,Good
ALE-0327,ALE,Synth-2022,Null,Synthetic,Tech Failure,Online Services,370.73,2,2.06,2.22,1.75,3.4,20,1,Potential Outlier,Review Required
ALE-0098,ALE,Synth-2022,Null,Synthetic,System Failure,Online Services,31.08,3,2.32,2.38,1.9,3.8,23,1,Normal,Good
ALE-0358,ALE,Synth-2022,Null,Synthetic,Cyber-Fraud,E-Banking,10,1,2.17,1.63,1.44,3.6,15,1,Normal,Good
ALE-0658,ALE,Synth-2022,Null,Synthetic,Cyber-Fraud,Retail Banking,135.86,5,1.16,1.74,1.51,2.9,27,2,Normal,Good
OLE-0770,OLE,12-01-2023,12-01-2023,Actual,Cyber-Fraud,ATM Network,65.41,5,1.5,0.68,1,2.5,24,2,Normal,Good
ALE-0828,ALE,Synth-2022,Null,Synthetic,Tech Failure,ATM Network,127.88,2,1.69,2.96,3.05,3.8,29,2,Normal,Good
OLE-0131,OLE,12-09-2022,12-09-2022,Actual,Data Breach,E-Banking,83.21,3,0.8,1.3,1,3.2,14,0,Normal,Good
ALE-1278,ALE,Synth-2022,Null,Synthetic,Phishing,E-Banking,128.91,1,1.28,3.09,2.56,3.6,18,1,Normal,Good
ALE-0625,ALE,Synth-2022,Null,Synthetic,Data Breach,ATM Network,135.5,3,1.67,3.1,3.14,2.9,23,0,Normal,Good
OLE-0331,OLE,24-12-2023,24-12-2023,Actual,Data Breach,Payments,61.59,2,1.19,0.59,1,3.4,17,0,Normal,Good
ALE-0381,ALE,Synth-2022,Null,Synthetic,Cyber-Fraud,ATM Network,10,5,0.85,1.92,1.4,3.3,24,1,Normal,Good
OLE-0467,OLE,10-06-2023,10-06-2023,Actual,Tech Failure,Payments,62.93,5,0.76,0.55,1,3.1,16,2,Normal,Good
ALE-0781,ALE,Synth-2022,Null,Synthetic,Cyber-Fraud,ATM Network,153.5,3,1.01,1.57,1.83,3.1,18,1,Normal,Good
ALE-0238,ALE,Synth-2022,Null,Synthetic,Tech Failure,E-Banking,150.66,2,1.29,1.28,1.18,2.9,25,2,Normal,Good
ALE-0273,ALE,Synth-2022,Null,Synthetic,Phishing,Online Services,157.13,4,2.32,2.87,2.23,3,22,1,Normal,Good
ALE-0437,ALE,Synth-2022,Null,Synthetic,Phishing,Retail Banking,152.62,4,2.47,1.72,1.8,2.7,26,0,Normal,Good
ALE-0003,ALE,Synth-2022,Null,Synthetic,Data Breach,ATM Network,138.42,3,0.92,2.23,2.67,3.4,16,1,Normal,Good
